Date,Alipur,Anand Vihar,Ashok Vihar,Aya Nagar,Bawana,Burari Crossing,CRRI Mathura Road,Dr. Karni Singh Shooting Range,DTU,Dwarka-Sector 8,IGI Airport (T3),"IHBAS, Dilshad Garden",ITO,Jahangirpuri,Jawaharlal Nehru Stadium,Lodhi Road,Major Dhyan Chand National Stadium,Mandir Marg,Mundka,Najafgarh,Narela,Nehru Nagar,"North Campus, DU",NSIT Dwarka,Okhla Phase-2,Patparganj,Punjabi Bagh,Pusa,R K Puram,Rohini,Shadipur,Sirifort,Sonia Vihar,Sri Aurobindo Marg,Vivek Vihar,Wazirpur
01-01-2020 00:00,13.16,60.71,50.34,52.02,52.74,73.54,57.06,20.45,20.45,25.69,84.05,84.8,27.67,84.05,51.56,51.56,66.74,44.29,82.21,50.6,54.12,91.16,58.11,25.69,57.06,112.51,63.77,58.11,22.81,74.06,58.11,75.42,58.45,52.02,45,73.54
02-01-2020 00:00,8.72,52.05,52.2,43.61,52.33,75.84,56.28,19.37,19.37,24.73,94.45,105.48,33.98,94.45,54.73,54.73,61.53,44.07,84.88,50.12,53.69,83.95,58.37,24.73,56.28,117.37,50.14,58.37,16.92,82.17,58.37,80.01,56.26,43.61,50.4,75.84
03-01-2020 00:00,18.38,55.98,47.63,40.8,72,73.07,53.22,25.67,25.67,27.2,97.5,70.7,20.03,97.5,50.34,50.34,50.36,45.49,79.18,46.26,51.86,79.81,53.63,27.2,53.22,102.19,44.29,53.63,12.73,77.49,53.63,68.54,56.27,40.8,45.47,73.07
04-01-2020 00:00,30.42,56.1,47.24,41.33,85.76,71.65,48.55,36.28,36.28,26.78,89.46,71.87,18.42,89.46,38.98,38.98,53.74,42.56,81.15,46.42,49.11,75.26,61.08,26.78,48.55,98.75,44.88,61.08,20.86,78.09,61.08,47.02,52.07,41.33,52.03,71.65
05-01-2020 00:00,26.25,45.24,41.78,38.07,80.17,56.38,43.14,20.68,20.68,26.25,79.28,34.58,10.15,79.28,36.67,36.67,51.7,39.63,67.24,44.67,50.97,69.62,62.32,26.25,43.14,105.33,38.35,62.32,22.78,76,62.32,29.95,48.17,38.07,48.11,56.38
06-01-2020 00:00,22.89,45.13,41.94,38.39,72.94,52.89,41.48,21.17,21.17,26.52,81.79,43.98,11.15,81.79,51.46,51.46,50.05,36.7,71.55,43.98,54.27,68.69,63.01,26.52,41.48,83.69,38.61,63.01,22.4,67.48,63.01,36,53.55,38.39,45.18,52.89
07-01-2020 00:00,24.8,37.16,38.06,42.24,68.84,54.31,43.42,19.95,19.95,23.6,86.25,32.31,13.31,86.25,54.15,54.15,50.21,30.76,63.69,42.16,41.29,65.51,49.76,23.6,43.42,77.02,39.91,49.76,27.12,57.82,49.76,24.58,55.27,42.24,36.01,54.31
08-01-2020 00:00,21.24,31.91,38.25,45.86,75.04,54.56,45.72,23.34,23.34,26.35,93.66,30.25,11.23,93.66,61.52,61.52,51.48,32.18,61.27,42.31,38.88,62.84,65.11,26.35,45.72,79.96,41.38,65.11,27.55,46.34,65.11,23.84,62.79,45.86,31.46,54.56
09-01-2020 00:00,24.03,18.74,28.15,33.53,78.5,42.8,31.01,21.37,21.37,17.91,96.45,20.87,8.44,96.45,42.11,42.11,37.45,26.72,44,32.27,30.6,59.84,56.63,17.91,31.01,56.47,32.62,56.63,15.68,46.31,56.63,20.12,58.63,33.53,22.74,42.8
10-01-2020 00:00,27.31,16.85,28.12,33.16,65.3,41.34,36.78,19.27,19.27,19.04,99.9,30.75,20.69,99.9,45.1,45.1,40.71,25.69,45.43,33.86,33.7,63.63,53.69,19.04,36.78,62.7,31.77,53.69,15.16,45.38,53.69,26.75,56.85,33.16,21.55,41.34
11-01-2020 00:00,29.81,23.32,34.35,34.56,58.47,42.88,40.03,19.76,19.76,19.84,100.33,40.55,40.71,100.33,50.07,50.07,44.66,25.98,52.96,35.48,40.07,70.64,60.52,19.84,40.03,74.48,31.44,60.52,16.14,46.14,60.52,35.33,55.48,34.56,24.24,42.88
12-01-2020 00:00,26.88,47.12,50.83,35.96,60.92,49.59,50.05,21.6,21.6,22.96,92.63,62.42,56.76,92.63,58.48,58.48,49.29,36.12,66.99,40.86,51.71,70.53,53.04,22.96,50.05,93.28,38.55,53.04,17.93,49.1,53.04,51.5,58.52,35.96,26.96,49.59
13-01-2020 00:00,24.73,70.22,61.94,42.98,62.21,51.06,59.24,23.85,23.85,29.2,99.49,55.6,55.95,99.49,70.02,70.02,58.68,34.19,74.8,47.33,56.89,67.2,53.27,29.2,59.24,108.89,39.63,53.27,14.29,49.14,53.27,41.18,58.07,42.98,36.66,51.06
14-01-2020 00:00,23.55,61.06,46.27,41.96,61.37,46.57,46.37,23.25,23.25,30.09,102.99,26.78,29.43,102.99,50.57,50.57,52.08,42.08,51.82,36.22,48.7,62.33,48.26,30.09,46.37,87.09,33.78,48.26,14.98,42.07,48.26,22.21,58.16,41.96,55.08,46.57
15-01-2020 00:00,20.19,50.93,41.47,38.4,57.96,43.97,41.22,20.73,20.73,42.65,92.21,28.87,30.54,92.21,40.66,40.66,44.17,29.7,53.71,33.48,41.22,62.03,57.115,42.65,41.22,72.61,31.07,57.115,19.45,40.83,57.115,25.77,57.38,38.4,46.67,43.97
16-01-2020 00:00,20.11,48.48,43.27,42.11,54.27,44.75,41.83,20.87,20.87,48.77,89.61,30.94,32.27,89.61,47.9,47.9,45.72,34.28,54.59,37.74,43.66,61.9,65.97,48.77,41.83,71.46,33.89,65.97,21.43,42.09,65.97,25.36,58.58,42.11,43.2,44.75
17-01-2020 00:00,20.53,39.09,38.37,36.8,52.24,42.34,33.8,21.67,21.67,46.15,73.16,27.91,30.83,73.16,36.3,36.3,37.91,30.29,50.88,37,40.05,59.01,65.87,46.15,33.8,63.08,33.22,65.87,16.94,35.79,65.87,23.52,60.28,36.8,38.69,42.34
18-01-2020 00:00,19.68,40.56,38.24,36.3,50.61,37.51,38.99,20.56,20.56,44.99,61.12,27.14,34.51,61.12,40.81,40.81,45.07,29.5,49.53,33.87,35.59,58.13,60.9,44.99,38.99,66.49,32.65,60.9,17.34,35.15,60.9,28.48,57.82,36.3,44.64,37.51
19-01-2020 00:00,20.15,44.62,36.64,37.6,44.34,37.66,38.31,19.45,19.45,43.29,55.91,23.47,23.32,55.91,41.87,41.87,44.65,27.69,47.42,32.17,31.71,56.71,55.42,43.29,38.31,64.54,30.63,55.42,18.84,38.11,55.42,19.69,55.76,37.6,49.51,37.66
20-01-2020 00:00,20.08,42.92,38.75,38.57,42.28,37.66,38.9,18.79,18.79,41.87,55.09,35.1,30.42,55.09,42.94,42.94,46.72,36.74,53.53,34.4,33.47,55.33,57.38,41.87,38.9,65.86,31.51,57.38,17.4,38.91,57.38,26.81,56.13,38.57,49.75,37.66
21-01-2020 00:00,36.82,67.9,48.56,43.31,47.06,42.21,46.6,20.5,20.5,49.44,55.8,61,49.01,55.8,50.53,50.53,54.23,33.98,72.47,38.74,42.51,57.35,60.19,49.44,46.6,76.94,37.21,60.19,21.47,47.04,60.19,33.32,60.5,43.31,59.85,42.21
22-01-2020 00:00,36.22,36.3,44,40.27,41.84,47.64,45.03,20.19,20.19,49.34,50.96,61.01,40.02,50.96,47.42,47.42,57.21,24.97,51.67,36.03,36.42,58.91,62.97,49.34,45.03,80.69,35.3,62.97,17.11,66.63,62.97,35.42,57.11,40.27,51.73,47.64
23-01-2020 00:00,30.15,28.14,32.29,30.71,35.17,42.02,33.92,21.28,21.28,37.28,41.57,33.63,25.39,41.57,31.68,31.68,54.33,21.02,40.01,27.08,33.19,55.48,48.27,37.28,33.92,52.68,25.77,48.27,7.49,89.58,48.27,19.1,46.5,30.71,38.4,42.02
24-01-2020 00:00,29.51,11.71,32.89,29.1,32.41,39.44,31.86,28.27,28.27,35.28,48.23,38.48,29.13,48.23,30.92,30.92,47.14,19.37,39.08,24.41,33.95,51.67,32.53,35.28,31.86,49.48,24.62,32.53,8.32,73.76,32.53,23.51,51.77,29.1,34.48,39.44
25-01-2020 00:00,40.7,13.62,45.12,29.08,35.68,40.61,36.75,28.83,28.83,42.72,72.52,47.49,42.98,72.52,36.74,36.74,45.2,24.01,48.36,26.76,48.07,51.73,49.49,42.72,36.75,67.44,29.76,49.49,12.81,75.71,49.49,38.14,64.81,29.08,44.94,40.61
26-01-2020 00:00,45.08,28.37,60.13,29.9,37.25,41.79,44.75,31.6,31.6,47.5,75.84,48.82,54.26,75.84,43.87,43.87,51.36,31.41,56.17,32.88,52.03,52.96,84.53,47.5,44.75,82.87,35.88,84.53,25.53,62.06,84.53,42.91,73.11,29.9,54.19,41.79
27-01-2020 00:00,46.78,41.51,63.86,34.09,36.19,41.24,49.47,28.66,28.66,52.28,78.74,84.8,60.54,78.74,48.38,48.38,57.14,32.38,65.4,37.8,53.6,57.79,83.39,52.28,49.47,81.98,37.01,83.39,27.77,63.81,83.39,46.63,84.83,34.09,58.13,41.24
28-01-2020 00:00,34.25,34.09,44.82,36.93,32.73,39.1,42.23,35.6,35.6,44.47,81.63,37.08,38.23,81.63,40.68,40.68,47.01,27.9,55.12,35.38,41.76,56.22,75.19,44.47,42.23,64.84,34.08,75.19,16.27,49.75,75.19,20.58,67.9,36.93,43.84,39.1
29-01-2020 00:00,31.87,22.97,37.75,31.34,29.67,35.52,32.54,15.98,15.98,33.48,90.74,37.59,36.13,90.74,34.06,34.06,38.99,27.55,39.64,27.86,35.38,53.07,65.97,33.48,32.54,54.7,30,65.97,6.38,41.84,65.97,24.15,56.92,31.34,37.14,35.52
30-01-2020 00:00,29.25,15.58,34.35,27.07,29.42,39.74,35.05,13.12,13.12,45.31,92.84,33.33,31.56,92.84,29.57,29.57,37.16,25.98,40.7,27.84,31.27,51.84,86.72,45.31,35.05,49.21,28.61,86.72,17.51,39.35,86.72,25.31,48.71,27.07,35.21,39.74
31-01-2020 00:00,29.36,17.61,33.57,26.17,27.19,41.23,31.41,10.76,10.76,29.13,82.89,36.03,34.15,82.89,27.25,27.25,33.97,21.51,47.51,26.18,27.76,49.42,64.31,29.13,31.41,44.81,26.24,64.31,13.79,42.44,64.31,23.55,48.31,26.17,31.45,41.23
01-02-2020 00:00,30.67,31.41,37.87,26.32,24.93,40.8,32.14,13.09,13.09,30.88,86.42,36.9,40.94,86.42,29.05,29.05,35.04,22.55,40.95,28.15,30.3,47.56,70.27,30.88,32.14,49.38,26.8,70.27,10.18,47.19,70.27,29.44,52.67,26.32,33.72,40.8
02-02-2020 00:00,36.44,36.2,38.09,27.46,25.03,42.16,32.94,10.34,10.34,35.19,86.12,33.94,35.58,86.12,33.65,33.65,39.19,24.45,43.65,27.21,32.85,46.28,75.02,35.19,32.94,49.03,28.28,75.02,10.84,45.31,75.02,24.29,57.4,27.46,33.04,42.16
03-02-2020 00:00,37.67,43.17,37.18,26.41,24.42,40.55,33.45,11.14,11.14,29.36,82.04,40.69,51.42,82.04,32.23,32.23,38.53,22.39,51.49,25.99,35.09,47.21,66.43,29.36,33.45,49.78,27.71,66.43,12.82,43.74,66.43,31.11,62.29,26.41,33.51,40.55
04-02-2020 00:00,38.45,48.58,36.64,32.56,23.43,40.75,41.73,9.9,9.9,33.4,92.18,57.46,74.58,92.18,36.59,36.59,42.54,22.9,57.72,28.49,38.48,52.13,61.57,33.4,41.73,58.44,28.88,61.57,14.42,47.87,61.57,63.32,67.37,32.56,36.13,40.75
05-02-2020 00:00,37.43,41.1,40.12,35.87,21.98,39.73,40.61,10.76,10.76,40.72,95.1,35.99,38.23,95.1,34.95,34.95,41.29,24.19,57.18,32.31,40.17,49.69,53.25,40.72,40.61,51.34,28.47,53.25,17.06,54.39,53.25,34.97,62.1,35.87,38.28,39.73
06-02-2020 00:00,36.63,39.93,35.76,32.45,22.92,39.16,33.56,10.05,10.05,33.42,88.72,39.23,36.23,88.72,30.76,30.76,37.22,24,46.8,27.06,33.11,46.56,51.99,33.42,33.56,45.94,26.83,51.99,12.14,47.9,51.99,26.37,54.55,32.45,35.07,39.16
07-02-2020 00:00,31,34.2,39.62,32.92,21.4,39,35.74,10.41,10.41,35.08,136.45,36.37,48.21,136.45,31.85,31.85,38.4,23.44,64.2,25.05,31.67,40.51,51.77,35.08,35.74,46.51,26.76,51.77,8.55,48.48,51.77,46.34,52.25,32.92,33.67,39
08-02-2020 00:00,39.32,36.25,39.91,37.17,19.93,37.86,33.93,11.72,11.72,37.42,186.26,39.27,31.96,186.26,31.55,31.55,42.93,25.13,63.73,25.06,32.64,28.49,58.04,37.42,33.93,48.31,29.36,58.04,15.36,44.7,58.04,26.89,59.03,37.17,33.91,37.86
09-02-2020 00:00,38.45,32.25,38.55,33.93,19.19,37.08,32.9,10.49,10.49,33.74,183.05,37.46,36.42,183.05,31.54,31.54,40.38,25.01,60.53,28.58,33.51,23.28,52.31,33.74,32.9,48.41,29.46,52.31,15.01,42.87,52.31,28.22,57.26,33.93,32.69,37.08
10-02-2020 00:00,38.95,31.34,40.87,36.45,20.21,35.48,31.87,19.27,19.27,36.3,127.15,38.52,50.53,127.15,30.52,30.52,42.22,24.56,61.06,29.52,31.71,24.04,48.89,36.3,31.87,50.18,31.7,48.89,15.83,43.73,48.89,38.56,60.74,36.45,35.34,35.48
11-02-2020 00:00,38.33,28.42,40.64,31.99,20.3,39.87,35.97,12.41,12.41,45.6,105.78,44.65,60.45,105.78,30.28,30.28,38.26,23.84,66.96,32.07,31.98,24.44,51.535,45.6,35.97,52.06,30.43,51.535,18.52,49.6,51.535,50.71,61.26,31.99,32.66,39.87
12-02-2020 00:00,45.08,29.19,41.75,36.34,20,51.82,38.84,13.54,13.54,43.57,104.14,42.13,36.76,104.14,32.62,32.62,46.58,24.37,67.18,32.05,39.99,25.54,54.18,43.57,38.84,52.61,29.31,54.18,32.82,47.38,54.18,30.4,65.86,36.34,35.43,51.82
13-02-2020 00:00,32.86,37.69,33.43,31.11,20.37,54.89,33.17,14.46,14.46,36.72,92.33,40.59,29.97,92.33,28.88,28.88,39.51,22.97,65.87,28.13,35.45,25.82,48.1,36.72,33.17,46.94,25.58,48.1,19.2,58.12,48.1,19.44,55.96,31.11,34.07,54.89
14-02-2020 00:00,28.23,36.23,29.28,29.58,20.74,49.38,30.26,15.29,15.29,35.27,102.07,39.5,32.1,102.07,24.57,24.57,33.91,29.88,57.74,24.36,32.62,24.1,38.78,35.27,30.26,39.02,23.47,38.78,14.74,54.25,38.78,18.66,52.48,29.58,27.65,49.38
15-02-2020 00:00,28.56,30.75,27.37,28.3,23.45,44.54,30.07,13.58,13.58,34.4,84.21,44.51,35.43,84.21,23.79,23.79,35.1,30.4,58.6,20.14,30.93,21.2,39.94,34.4,30.07,36.64,22.74,39.94,13.23,48.81,39.94,23.57,53.34,28.3,23.92,44.54
16-02-2020 00:00,40.84,38.9,35.22,30.36,23.39,44.74,35.6,11.51,11.51,34.54,117.42,50.1,46.57,117.42,28.81,28.81,34.92,31.54,63.29,18.56,39.81,20.53,50.99,34.54,35.6,45.34,26.77,50.99,18.56,50.6,50.99,31.25,66.93,30.36,32.43,44.74
17-02-2020 00:00,48.97,39.22,37.79,30.88,22.02,43.43,36.98,13.09,13.09,38.38,124.54,56.97,51.09,124.54,36.89,36.89,40.39,32.23,63.89,19.79,41.41,20.84,48.94,38.38,36.98,50.79,29.55,48.94,21.48,59.41,48.94,39.31,71.93,30.88,39.21,43.43
18-02-2020 00:00,32.76,42.31,32.38,28.95,20.52,40.22,31.47,11.09,11.09,32.82,88.88,48.59,49.86,88.88,41.85,41.85,35.18,35.9,60.69,21.58,35.58,20.8,44.83,32.82,31.47,44.3,27.13,44.83,18.53,59.81,44.83,29.08,62.07,28.95,34.11,40.22
19-02-2020 00:00,36.2,51.92,40.55,31.9,21.01,44.05,39.13,15.53,15.53,41.28,104.45,103.56,80.45,104.45,39.19,39.19,37.13,32.69,54.94,19.64,34.72,22.42,37.43,41.28,39.13,51.86,26.71,37.43,16.53,56.75,37.43,35.93,79.22,31.9,39.92,44.05
20-02-2020 00:00,37.73,33.5,34.44,39.27,33.48,49.3,40.47,14.85,14.85,48.59,86.46,36.37,44.44,86.46,46.82,46.82,45.28,37.39,55.76,21.89,37.63,22.32,38.41,48.59,40.47,56.23,25.55,38.41,21.45,50.08,38.41,20.23,75.84,39.27,36.81,49.3
21-02-2020 00:00,26.08,26.92,30.04,34.73,50.33,38.64,35.42,13.31,13.31,51.91,79.57,30.25,35.12,79.57,36.03,36.03,36.27,38.28,43.66,24.51,36.08,21.04,29.71,51.91,35.42,52.81,21.21,29.71,18.51,46.72,29.71,17.91,61.53,34.73,32.88,38.64
22-02-2020 00:00,21.97,25.05,32.99,31.65,54.1,36.62,32.58,11.87,11.87,40.56,69.52,30.99,46.74,69.52,31.81,31.81,31.74,24.28,50.39,25.99,35.95,22.22,28.46,40.56,32.58,48.5,21.18,28.46,13.17,56.62,28.46,27.54,52.59,31.65,25.68,36.62
23-02-2020 00:00,27.98,31.89,41.73,32.87,52.52,46.18,37.25,14.08,14.08,49.15,62.87,29.98,42.17,62.87,39.54,39.54,34.59,28,63.66,30.63,47.89,21.41,40.97,49.15,37.25,60.96,22.27,40.97,16.24,33.11,40.97,34.34,58.62,32.87,30.03,46.18
24-02-2020 00:00,24.74,25.44,36.97,29.52,53.99,40.22,33.6,13.54,13.54,38.46,62.87,29.9,41.91,62.87,31.59,31.59,31.21,24.91,63.25,27.71,45.14,20.4,38.65,38.46,33.6,46.62,18.91,38.65,14.59,35.79,38.65,25.23,49.23,29.52,29.72,40.22
25-02-2020 00:00,34.05,31.06,40.9,34.62,59.73,47.22,37.29,12.68,12.68,46.73,82.46,29.19,43.25,82.46,41.28,41.28,41.62,29.35,62.69,27.63,52.73,20.95,49.68,46.73,37.29,55.12,28.73,49.68,18.02,43.84,49.68,24.83,58.84,34.62,32.41,47.22
26-02-2020 00:00,36.87,40.89,40.92,32.27,58.6,46.47,38.8,12.77,12.77,47.19,152.68,33.46,53.71,152.68,44.34,44.34,36.16,30.7,53.87,27.38,46.12,23.32,44.96,47.19,38.8,56.52,30.52,44.96,14.06,64.96,44.96,31.41,62.83,32.27,33.25,46.47
27-02-2020 00:00,30.78,45.93,42.41,36.41,56.31,43.95,39.49,10.83,10.83,44.16,207.56,30.44,49.56,207.56,43.68,43.68,37.45,34.66,53.92,26.31,41.98,24.75,48.55,44.16,39.49,61.1,27.73,48.55,18.58,65.7,48.55,18.63,62.69,36.41,29.99,43.95
28-02-2020 00:00,29.71,38.5,39.29,35.94,54.14,42.67,36.67,13.64,13.64,45.26,188.1,27.03,47.78,188.1,39.93,39.93,37.99,33.34,51.96,26.59,41.45,27.62,38.65,45.26,36.67,55.01,26.98,38.65,17.49,66.03,38.65,13.87,61.78,35.94,36.49,42.67
29-02-2020 00:00,27.23,31.03,32.71,32.9,51.88,38.34,33.31,13.67,13.67,40.42,79.4,26.61,48.64,79.4,34.08,34.08,33.06,29.53,59.28,21.37,35.52,25.5,31.35,40.42,33.31,52.02,27.48,31.35,14.43,46.83,31.35,14.13,55.35,32.9,26.54,38.34
01-03-2020 00:00,24.55,32.43,30.83,31.88,49.24,33.1,31.43,12.42,12.42,34.29,36.34,25.12,54.2,36.34,31.44,31.44,29.68,27.24,54.62,21.04,31.71,24.5,33.77,34.29,31.43,45.75,32.54,33.77,12.27,40.71,33.77,12.73,53.87,31.88,23.59,33.1
02-03-2020 00:00,27.41,34.26,41.63,35.01,49.37,40.27,41.61,15.01,15.01,48.42,51.43,33.08,71.76,51.43,44.12,44.12,41.01,30.63,69.1,26.35,36.12,23.98,53.7,48.42,41.61,61.65,39.45,53.7,11.83,54.52,53.7,23.16,62.42,35.01,31.3,40.27
03-03-2020 00:00,27.09,42.16,36.31,30.57,51.73,41.49,37.75,14.73,14.73,47.29,54.26,33.49,57.94,54.26,33.86,33.86,32.13,27.95,47.26,26.81,39,25.2,47.62,47.29,37.75,61.03,36.52,47.62,13.03,57.04,47.62,13.19,54.08,30.57,30.32,41.49
04-03-2020 00:00,28.19,38.31,35.1,30.31,49.92,41.03,40.07,15.11,15.11,44.59,58.07,28.64,65.21,58.07,32.95,32.95,36.58,29.36,43.17,34.15,36.56,25.11,42.61,44.59,40.07,57.76,34.37,42.61,15.74,58.8,42.61,15.28,52.31,30.31,28.99,41.03
05-03-2020 00:00,24.69,26.45,28.08,28.85,44.85,43.86,31.87,13.71,13.71,37.23,49.22,22.32,48.73,49.22,25.93,25.93,34.81,27.47,36.09,50.01,35.62,41.42,28.54,37.23,31.87,41.02,31.47,28.54,13.22,43.25,28.54,12.71,45.97,28.85,23.96,43.86
06-03-2020 00:00,20.5,16.59,23.67,26.1,43.28,35.55,28.02,22.7,22.7,32.32,45.28,20.09,42.7,45.28,16.96,16.96,29.85,21.45,32.16,43.82,28.83,61.7,23,32.32,28.02,34.7,28.83,23,11.34,37.58,23,14.81,42.69,26.1,19.64,35.55
07-03-2020 00:00,19.68,11.3,23.52,25.5,44.28,35.31,30.99,20.93,20.93,33.61,46.18,24.99,43.25,46.18,9.36,9.36,29.53,20.64,33.1,48.69,28.74,55.99,20.01,33.61,30.99,34.04,29.36,20.01,10.17,36.13,20.01,13.13,44.39,25.5,17.35,35.31
08-03-2020 00:00,20.6,26.01,27.74,25.64,42.3,39.59,92.12,21.75,21.75,32.05,60.9,17.95,47.05,60.9,9.2,9.2,30.97,19.52,39.13,51.67,28.99,54.8,17.02,32.05,92.12,38.58,30.12,17.02,9.75,42.17,17.02,18.35,47.08,25.64,19.39,39.59
09-03-2020 00:00,19.28,23.46,26.61,26.02,42.51,35.78,25.46,24.27,24.27,33.54,47.5,14.37,38.81,47.5,8.47,8.47,29.02,21.33,31.77,54.47,29.91,52.47,14.03,33.54,25.46,38.6,27.06,14.03,6.7,39.34,14.03,14.25,40.21,26.02,21.01,35.78
10-03-2020 00:00,21.54,30.21,26.13,27.25,41.34,35.44,30.75,24.58,24.58,27.41,47.99,13.26,41.15,47.99,8.98,8.98,35.14,24.9,32.04,48.52,29.25,47.88,23.38666667,27.41,30.75,40.29,26.83,23.38666667,15.55,53.95,23.38666667,14.56,43.31,27.25,21.95,35.44
11-03-2020 00:00,22.19,27.52,28.8,30.3,39.38,37.36,33.27,46.59,46.59,30.83,50.12,15.6,47.87,50.12,16.18,16.18,36.88,24.34,36.54,48.16,28.63,46.08,32.74333333,30.83,33.27,47.39,29.73,32.74333333,16.54,52.51,32.74333333,11.9,49.13,30.3,26.14,37.36
12-03-2020 00:00,22.72,23.86,29.07,29.02,35.57,40.24,28.47,100.17,100.17,32.61,62.11,17.84,55.51,62.11,27.89,27.89,33.3,25.71,33.7,51.54,30.82,41.87,42.1,32.61,28.47,41.6,30.36,42.1,13.6,40.98,42.1,12.89,51.23,29.02,26.99,40.24
13-03-2020 00:00,18.17,21.47,25.14,26.33,37.64,40.02,27.14,8.72,8.72,30.47,67.12,17.23,42.53,67.12,25.09,25.09,26.74,18.39,30.01,50.32,33.39,45.26,51.38,30.47,27.14,35.16,26.87,51.38,14.63,37.55,51.38,12.82,48.64,26.33,21.06,40.02
14-03-2020 00:00,16.94,20.59,26.09,28.54,39.61,41.21,27.36,33.39,33.39,34.01,148.61,11.53,28.28,148.61,24.15,24.15,30.14,24.61,32.46,50.77,25.28,44.29,64.27,34.01,27.36,36.22,28.1,64.27,20.03,35.51,64.27,13.09,48.1,28.54,22.12,41.21
15-03-2020 00:00,17.04,21.54,26.37,28.34,41.84,34.73,25.4,30.56,30.56,35.39,120.9,11.39,29.53,120.9,23.56,23.56,30.28,21.89,40.46,55.08,32.01,41.16,65.88,35.39,25.4,28.74,27.76,65.88,19.73,37.21,65.88,12.29,46.65,28.34,20.59,34.73
16-03-2020 00:00,19.95,24.92,26.9,28.71,41.56,34.15,26.1,27.6,27.6,33.98,99.68,14.01,28.51,99.68,24.36,24.36,30.51,18.75,36.98,54.08,30.92,43.78,67.49,33.98,26.1,30.19,38.28,67.49,20.49,38.7,67.49,12.89,46.08,28.71,21.35,34.15
17-03-2020 00:00,27.47,29.52,25.97,28.63,39.24,34.76,30.18,29.56,29.56,36.15,78.46,17.08,29.27,78.46,25.07,25.07,32.18,2.45,37.58,52.77,33.95,45.44,47.13,36.15,30.18,30.25,34.46,47.13,20.39,39.86,47.13,13.13,44.9,28.63,22.99,34.76
18-03-2020 00:00,27.29,26.73,24.87,28.96,38.49,38.56,27.87,25.65,25.65,36.39,72.44,17.19,31.86,72.44,23.64,23.64,33.6,8.14,38.99,57.26,40.29,44.19,42.62,36.39,27.87,31.93,29.4,42.62,20.73,38.25,42.62,11.2,43.46,28.96,26.12,38.56
19-03-2020 00:00,30.64,34.7,31.01,30.09,40.1,44.27,30.86,26.22,26.22,40.3,80.23,23.05,32.14,80.23,29.24,29.24,39.07,15.71,44.67,58.42,39.38,41.86,43.67,40.3,30.86,37.98,35.65,43.67,25.58,47.69,43.67,9.02,56.06,30.09,27.58,44.27
20-03-2020 00:00,24.57,31.96,29.01,31.3,37.05,40.47,31.51,28.81,28.81,36.07,77.6,23.35,37,77.6,28.36,28.36,39.22,18.03,35.99,60.89,36.5,36.14,50.73,36.07,31.51,35.99,32.17,50.73,23.48,39.99,50.73,9.35,49.59,31.3,30.53,40.47
21-03-2020 00:00,27.93,36.24,33.04,30.13,35.49,37.94,28.64,27.15,27.15,34.5,80.42,22.55,32.72,80.42,29.61,29.61,39.22,17.53,51.06,61.01,43.54,32.04,47.74,34.5,28.64,38.49,32.69,47.74,24.11,46.13,47.74,10.23,53.37,30.13,35,37.94
22-03-2020 00:00,25.48,30.27,30.19,28.86,30.05,39.83,28.22,16.7,16.7,36.29,36.23,18.77,30.42,36.23,28.08,28.08,35.9,17.9,38.64,63.86,37.52,31.01,43.85,36.29,28.22,34.86,30.27,43.85,25.82,40.51,43.85,12.54,47.61,28.86,31.51,39.83
23-03-2020 00:00,21.74,24.49,27.39,26.74,27.85,37.24,24.51,13.93,13.93,34.57,61.14,15.89,26.47,61.14,24.62,24.62,31.03,17.188,35.78,58.31,29.95,30.44,38.89,34.57,24.51,30.59,27.91,38.89,22.52,36.86,38.89,10.61,43.83,26.74,29.12,37.24
24-03-2020 00:00,22.23,25.78,27.64,28.22,26.75,36.15,28.01,15.11,15.11,36.15,86.87,16.51,24.16,86.87,25.76,25.76,34.69,16.476,32.74,53.36,28.03,31.03,41.83,36.15,28.01,34.28,28.06,41.83,23.38,38.97,41.83,10.28,42.56,28.22,29.08,36.15
25-03-2020 00:00,21.47,29.82,32.66,29.56,24.48,36.33,29.1,14.25,14.25,42.61,86.73,16.64,22.38,86.73,27.04,27.04,34.49,15.764,46.29,65.13,30.35,29.97,52.03,42.61,29.1,38.83,29.54,52.03,26.27,39.67,52.03,13.47,43.52,29.56,30,36.33
26-03-2020 00:00,23.42,24.64,33.94,28.54,24.14,39.535,24.41,13.41,13.41,41.68,79.81,11.51,24.35,79.81,25.24,25.24,30.93,15.052,44.43,72.01,27.86,28.05,44.38,41.68,24.41,35.76,28.45,44.38,22.98,41.58,44.38,13.22,42.31,28.54,33.64,39.535
27-03-2020 00:00,17.87,21.01,26.3,26.43,22.43,42.74,22.26,11.74,11.74,35.25,75.04,9.35,25.56,75.04,21.36,21.36,26.7,14.34,27.52,52.23,18.45,26.02,38.39,35.25,22.26,32.23,24.91,38.39,20.18,32.05,38.39,13.02,33.48,26.43,26.94,42.74
28-03-2020 00:00,15.48,20.39,24.78,24.54,22.49,45.945,21.07,11.16,11.16,29.98,76.44,14.49,23.91,76.44,20.07,20.07,25.76,13.8,27.78,50.85,19.05,25.53,38.61,29.98,21.07,34.7,25.02,38.61,17.98,30.98,38.61,13.13,31.79,24.54,24.49,45.945
29-03-2020 00:00,15.64,17.16,24.79,23.97,22.08,49.15,18.83,9.83,9.83,28.14,66.47,19.65,17.16,66.47,18.82,18.82,23.52,12.94,29.46,49.47,18.23,24.87,35.69,28.14,18.83,75.78666667,22.94,35.69,16.22,28.16,35.69,13.93,28.07,23.97,22.93,49.15
30-03-2020 00:00,17.51,16.49,23.8,24.71,22.77,36.4,19.32,9.91,9.91,27.48,68.97,16.13,12.57,68.97,20.3,20.3,25.53,13.07,28.68,48.09,19.05,24.91,36.31,27.48,19.32,116.8733333,22.92,36.31,18.17,28.97,36.31,14.17,27.71,24.71,22.09,36.4
31-03-2020 00:00,16.78,16.45,21.9,23.91,22.93,31.85,18.55,9.86,9.86,24.25,71.61,15.78,12.78,71.61,19.06,19.06,23.33,24.87,24.49,51.2,25.26,25.31,36.71375,24.25,18.55,157.96,20.92,36.71375,15.91,28.18,36.71375,13.98,26.83,23.91,20.75,31.85
01-04-2020 00:00,17.52,16.88,23.33,25.97,12.39,29.72,20.54,12.36,12.36,27.56,79.09,15.44,10.86,79.09,19.73,19.73,26.25,12.6,26.19,49.85714286,27.00428571,24.74,37.1175,27.56,20.54,84.53,22.69,37.1175,19.29,29.57,37.1175,13.16,27.91,25.97,23.77,29.72
02-04-2020 00:00,16.47,15.99,21.46,25.18,0.48,27.15,18.92,12.95,12.95,25.77,71.41,15.17,10.26,71.41,18.85,18.85,24.62666667,12.44,24.09,48.51428571,28.74857143,25.04,37.52125,25.77,18.92,33.78,21.04,37.52125,16.93,26.79,37.52125,14.04,25.48,25.18,22.39,27.15
03-04-2020 00:00,15.93,16.68,19.46,24,0.19,24.84,17.39,12.11,12.11,25.06,74.46,13.85,12.02,74.46,18.68,18.68,23.00333333,11.47,24.75,47.17142857,30.49285714,27.69,37.925,25.06,17.39,30.7,19.02,37.925,15.91,25.46,37.925,13.37,22.84,24,19.14,24.84
04-04-2020 00:00,17.74,32.04,20.86,24.58,0.14,25.91,18.44,13.2,13.2,26.52,79.58,11.94,12.57,79.58,18.44,18.44,21.38,11.1,26.86,45.82857143,32.23714286,27.13666667,38.32875,26.52,18.44,32.25,19.6,38.32875,17.37,32.71,38.32875,13.45,24.47,24.58,21.11,25.91
05-04-2020 00:00,21.49,31.25,24.16,25.93,0.11,27.17,21.71,14.17,14.17,28.12,85.18,8.82,11.27,85.18,20.36,20.36,28.17,11.95,26.57,44.48571429,33.98142857,26.58333333,38.7325,28.12,21.71,37.54,22.22,38.7325,21.6,39.69,38.7325,10.82,27.01,25.93,25.06,27.17
06-04-2020 00:00,22.87,33.46285714,25.74,26.08,0.04,26.42,24.1,14.52,14.52,27.47,84.69,16.45,11.48,84.69,22.48,22.48,28.02,12.06,29.46,43.14285714,35.72571429,26.03,39.13625,27.47,24.1,38.36,23.39,39.13625,21.97,40.29,39.13625,11.26,28.19,26.08,26.62,26.42
07-04-2020 00:00,20.22,35.67571429,24.26,25.45,10.4,25.38,21.71,13.1,13.1,30.58,76.95,23.9,12.5,76.95,20.73,20.73,26.6,12.11,30.36,41.8,37.47,25.47666667,39.54,30.58,21.71,39.52,22.87,39.54,20.12,35.16,39.54,12.81,25.57,25.45,24.88,25.38
08-04-2020 00:00,17.61,37.88857143,21.88,24.75,27.75,25.42,18.77,12.29,12.29,24.19,78.34,22.32,12.5,78.34,17.89,17.89,23.48,10.9,22.06,43.9,38.4475,24.92333333,33.87,24.19,18.77,38.83,19.44,33.87,16.61,27.19,33.87,13.02,22.37,24.75,23.25,25.42
09-04-2020 00:00,18.49,40.10142857,23.45,24.62,27.74,26.57,18.54,12.81,12.81,24.83,79.02,21.55,12.3,79.02,17.59,17.59,24.25,11.2,25.06,45.54,39.425,24.37,31.32,24.83,18.54,37.47,20.68,31.32,18.68,29,31.32,12.65,22.17,24.62,23.54,26.57
10-04-2020 00:00,20.19,42.31428571,24.66,26.05,26.46,27.4,20.97,13.82,13.82,29.26,98.09,21.31,13.27,98.09,20.8,20.8,26.47,11.88,26.77,42.94,40.4025,21.16,40.25,29.26,20.97,40.76,22.49,40.25,22.04,41.69,40.25,10.95,22.91,26.05,26.63,27.4
11-04-2020 00:00,21.4,44.52714286,26.89,25.59,25.99,26.38,23.63,14.3,14.3,25.68,95.36,20.08,13.58,95.36,21.58,21.58,27.99,11.86,31.49,40.91,41.38,19.44,39.235,25.68,23.63,45.97,22.13,39.235,23.69,42.29,39.235,11.13,23.89,25.59,21.25,26.38
12-04-2020 00:00,18.87,46.74,24.58,26.03,24.36,23.36,21.88,13.71,13.71,28.29,84.23,17.64,13.15,84.23,20.62,20.62,26.93,11.68,30.39,50.66,50.54,17.44,38.22,28.29,21.88,41.61,22.18,38.22,22.06,34.06,38.22,13.36,20.92,26.03,23.83,23.36
13-04-2020 00:00,21.33,48.95285714,25.89,27.27,24.36,25.74,24.72,15.07,15.07,31.24,87.98,15.89,12.08,87.98,22.26,22.26,28.75,13.18,30.54,48.46,49.00571429,17.42,37.205,31.24,24.72,45.42,24.38,37.205,24.99,41.03,37.205,11.11,22.18,27.27,26.08,25.74
14-04-2020 00:00,25.67,51.16571429,28,28.5,23.84,29.1,26.61,17.73,17.73,29.75,76.81,16.3,12.61,76.81,21.97,21.97,29.87,12.16,31.86,49.35,47.47142857,16.34,36.19,29.75,26.61,54.22,20.8,36.19,23.7,51.83,36.19,10.64,22.9,28.5,28.69,29.1
15-04-2020 00:00,24.54,53.37857143,28.09,28.61,22.79,29.24,27.85,16.24,16.24,25.8,69.07,12.94,13.76,69.07,23.97,23.97,33.81,11.39,25.09,43.43,45.93714286,17.22,41.83,25.8,27.85,62.91,21,41.83,26.77,43.58,41.83,13.23,24.61,28.61,30.07,29.24
16-04-2020 00:00,23.92,55.59142857,30.69,27.79,23.75,31.44,29.16,15.63,15.63,29.58,70.5,13.63,14.21,70.5,25.17,25.17,32.54,11.42,31.31,45.69,44.40285714,17.54,40.105,29.58,29.16,68.53,20.454,40.105,28.46,49.04,40.105,10.5,25.47,27.79,31.25,31.44
17-04-2020 00:00,20.8,57.80428571,28.4,26.96,24.08,26.47,24.39,14.54,14.54,27.78,61.71,12.75,12.03,61.71,20.76,20.76,29.69,10.62,26.34,40.94,42.86857143,14.95,38.38,27.78,24.39,47.33,19.908,38.38,22.61,38.49,38.38,13.18,22.31,26.96,28.6,26.47
18-04-2020 00:00,19.64,60.01714286,27.51,29.5,23.99,26.73,25.19,13.82,13.82,29.08,64.39,13.19,11.44,64.39,23.38,23.38,32.95,12.02,30.37,47.32,41.33428571,14.17,42.67,29.08,25.19,48.42,19.362,42.67,24.39,38.12,42.67,13.09,22.54,29.5,28.11,26.73
19-04-2020 00:00,19.44,62.23,28.71,30.29,24.56,28.49,25.38,14.29,14.29,33.5,73.19,10.87,11.75,73.19,25.16,25.16,33.84,13.34,40.48,57.8,39.8,14.34,41.395,33.5,25.38,51.51,18.816,41.395,26.51,43.5,41.395,11.95,22.685,30.29,30.13,28.49
20-04-2020 00:00,21.59,45.78,32.18,29.14,27.82,32.39,27.25,15.58,15.58,32.07,76.08,9.98,12.9,76.08,25.03,25.03,32.7,17.09,44.45,62.21,34.11,13.49,40.12,32.07,27.25,58.27,18.27,40.12,31.38,49.38,40.12,10.85,22.83,29.14,31.95,32.39
21-04-2020 00:00,19.54,57.78,30.46,27.48,28.29,28.56,24.57,13.53,13.53,30.49,80.53,10.29,11.69,80.53,22.63,22.63,29.54,14.37,35.435,57.83,34,14.95,39.88,30.49,24.57,49.8,16.22,39.88,25.83,42.17,39.88,12.59,21.84,27.48,28.98,28.56
22-04-2020 00:00,19.06,64.93,28.39,26.69,32.25,26.87,23.65,14.17,14.17,30.73,82.55,9.21,12.58,82.55,21.67,21.67,28.97,13.09,26.42,56.88,29.82,15.04,34.01,30.73,23.65,47.68,22.91,34.01,25.62,41.88,34.01,11.58,20.85,26.69,27.08,26.87
23-04-2020 00:00,21.12,60.05,28.83,27.81,35.37,27.45,25.37,15.06,15.06,26.66,79.09,8.97,12.53,79.09,22.74,22.74,33.17,12.94,31.97,50,34.11,15.23,38.97,26.66,25.37,51.15,26.11,38.97,26.03,42.72,38.97,10.67,22.1,27.81,27.59,27.45
24-04-2020 00:00,24.57,56.9,33.18,29.01,36.93,33.15,32.33,17.18,17.18,30.88,81.3,8.66,12.68,81.3,26.87,26.87,38.16,13.05,35.34,55.49,38.25,16.24,33.01,30.88,32.33,56.37,28.26,33.01,28.91,45.85,33.01,11.51,25.46,29.01,30.59,33.15
25-04-2020 00:00,19.94,50.09,27.99,27.39,35.6,27.18,31.99,13.81,13.81,26.27,72.16,9.58,12.6,72.16,21.8,21.8,33.44,11.96,27.44,52.12,29.08,18.53,29.84,26.27,31.99,47.67,24.97,29.84,22.39,35.46,29.84,12.11,22.3,27.39,28.01,27.18
26-04-2020 00:00,22.27,54.58,30.17,32.37,33.85,30.05,27.4,13.79,13.79,32.56,67.2,9.67,13.21,67.2,26.89,26.89,37.22,14.36,35.59,101.28,31.74,15.48,37.86,32.56,27.4,54.27,23.09,37.86,27.56,40.24,37.86,12.21,22.9,32.37,29.62,30.05
27-04-2020 00:00,21.5,50.56,29.29,33.07,30.23,29.39,27.56,13.24,13.24,37.45,59.07,9.98,12,59.07,27.34,27.34,34.59,12.46,39.45,127.93,33.65,16.19,45.88,37.45,27.56,52.67,19.56,45.88,29.4,39.84,45.88,13.04,23.57,33.07,28.21,29.39
28-04-2020 00:00,22.94,96.55,29.8,32.75,25.5,29.89,26.07,13.86,13.86,37.91,59.53,18.9,12.63,59.53,27.15,27.15,34.51,12.62,37.31666667,207.6,34.95,18.16,53.9,37.91,26.07,42.31,19.37,53.9,30.38,44.48,53.9,11.95,24.59,32.75,29.53,29.89
29-04-2020 00:00,24.2,92.70058824,30.91,33.7,23.16,31.31,28.6,14.57,14.57,37.21,56.68,20.06,14.57,56.68,28.69,28.69,36.45,11.77,35.18333333,176.045,35.69,20.37,61.92,37.21,28.6,31.95,19.56,61.92,34.5,46.91,61.92,11.95,25.16,33.7,29.13,31.31
30-04-2020 00:00,26.62,88.85117647,33.6,35.1,21.25,32.47,29.53,14.76,14.76,37.62,42.88,24.34,13.14,42.88,31.29,31.29,40.72,12.66,33.05,144.49,41.05,25.36,69.94,37.62,29.53,36.57,18.74,69.94,34.25,50.15,69.94,12.05,25.96,35.1,31.01,32.47
01-05-2020 00:00,32.49,85.00176471,39.13,35.22,21.39,38.12,33.13,16.41,16.41,40.53,42.95,24.41,13.08,42.95,35,35,46.22,12.3,49.27,100.63,49.2,25.39,49.99,40.53,33.13,55.9,19.85,49.99,38.27,60.99,49.99,12.12,30.27,35.22,37.16,38.12
02-05-2020 00:00,29.48,81.15235294,36.73,34.54,19.44,34.19,29.3,14.56,14.56,41.88,34.35,27.68,13.17,34.35,32.6,32.6,41.57,11.61,46.92,80.05,44.75,23.572,52.58,41.88,29.3,54.36,18.55,52.58,36.36,54.21,52.58,14.07,27.31,34.54,37.05,34.19
03-05-2020 00:00,25.59,77.30294118,33.09,34.5,18.82,31.6,27.25,13.94,13.94,39.93,37.56,23.08,13.03,37.56,28.16,28.16,37.09,11.57,40.54,81.71,40.45,21.754,55.17,39.93,27.25,49.31,19.502,55.17,35.98,49.09,55.17,14.07,25.53,34.5,32.22,31.6
04-05-2020 00:00,27.48,73.45352941,30.44,32.97,18.59,28.63,25.67,12.96,12.96,36.33,47.54,23.92,12.95,47.54,25.89,25.89,33.51,11.23,35.76,80.95,39.06,19.936,57.76,36.33,25.67,43.22,20.454,57.76,34.45,45.92,57.76,13.3,23.22,32.97,29.4,28.63
05-05-2020 00:00,25.68,69.60411765,28.76,31.87,20.39,27.89,24.95,14.1,14.1,35.19,50.95,22.9,12.09,50.95,24.14,24.14,30.81,11.05,35.22,88.61,38.04,18.118,60.35,35.19,24.95,42.62,21.406,60.35,31.33,44.1,60.35,12.97,22.56,31.87,27.44,27.89
06-05-2020 00:00,24.26,65.75470588,28.66,30.9,21.75,27.04,25.02,14.62,14.62,28.13,54.69,22.65,12.92,54.69,23.35,23.35,30.22,10.93,26.82,76.09,39.29,16.3,62.94,28.13,25.02,42.33,22.358,62.94,29.19,44.82,62.94,11.62,21.8,30.9,27.14,27.04
07-05-2020 00:00,20.04,61.90529412,24.68,27.62,22.67,23.27,22.32,11.77,11.77,25.37,46.18,18.2,11.22,46.18,20.81,20.81,27.54,10.64,25.94,79.76,32.89,13.55,50.64,25.37,22.32,37.56,23.31,50.64,24.31,35.83,50.64,12.4,20.01,27.62,24.04,23.27
08-05-2020 00:00,25.68,58.05588235,27.92,30.19,27.43,27.22,24.23,13.61,13.61,30.31,47.44,20.38,12.28,47.44,24.06,24.06,31.3,11.67,35.28,59.04,36.99,13.8,46.85,30.31,24.23,45.83,26.88,46.85,28.66,40.94,46.85,12.61,22.83,30.19,27.21,27.22
09-05-2020 00:00,30.83,54.20647059,32.67,34.61,26.85,30.83,26.72,13.56,13.56,35.46,45.65,20.99,12.86,45.65,29.3,29.3,39.39,12.39,44.15,48.226,39.43,13.06,55.51,35.46,26.72,51.93,20.86,55.51,32.55,49.72,55.51,13.08,25.06,34.61,30.18,30.83
10-05-2020 00:00,25.12,50.35705882,31.87,35.25,23.31,30.1,25.56,10,10,35.19,49.97,21,13.81,49.97,28.83,28.83,37,12.47,41.79,37.412,42.28,12.16,60.0225,35.19,25.56,48.69,19.61,60.0225,30.77,44.75,60.0225,12.63,25.38,35.25,31.67,30.1
11-05-2020 00:00,25.82,46.50764706,31.05,34.89,23.74,31.16,25.37,6.67,6.67,33.45,49.83,20.17,10.75,49.83,28.43,28.43,37.25,12.23,39.4,26.598,39.41,12.21,64.535,33.45,25.37,47.67,19.1,64.535,29.12,48.6,64.535,10.76,24.91,34.89,28.99,31.16
12-05-2020 00:00,25.25,42.65823529,33.35,35.19,22.44,33.38,28.03,6.26,6.26,36.01,49.29,19.24,11.05,49.29,30.87,30.87,39.09,11.99,43.51,15.784,38.54,12.13,69.0475,36.01,28.03,48.49,18.55,69.0475,33.51,51.73,69.0475,9.58,26.87,35.19,30.28,33.38
13-05-2020 00:00,28.24,38.80882353,34.7,36.48,22.99,35.15,29.59,7.56,7.56,39.05,57.04,33.81,12.54,57.04,33.13,33.13,39.69,12.4,48.03,4.97,44.61,12.38,73.56,39.05,29.59,53.45,21.52,73.56,33.96,53.62,73.56,9.13,28.02,36.48,31.65,35.15
14-05-2020 00:00,28.21,34.95941176,34.3,32.54,21.9,33.84,25.59,7.85,7.85,34.73,60.05,26.19,13.83,60.05,28.13,28.13,36.84,12.32,46.46,5.7,44.34,12,61.39,34.73,25.59,50.32,19.43,61.39,31.53,59.69,61.39,8.3,25.62,32.54,31.42,33.84
15-05-2020 00:00,24.21,31.11,32.09,27.87,21.37,34.41,20.39,8.58,8.58,31.66,49.42,22.89,12.97,49.42,23.2,23.2,33.31,13.34,44.19,5.49,42.03,11.63,58.02,31.66,20.39,46.76,23.9,58.02,26.18,47.3,58.02,9.7,23.46,27.87,32.21,34.41
16-05-2020 00:00,23.19,32.8,29.25,26.55,26.04,29.62,19.51,6.93,6.93,31.12,56.1,16.11,11.47,56.1,21.53,21.53,30.08,12.9,37.41,9.3,40.38,12.53,50.69,31.12,19.51,43.18,29.45,50.69,22.63,51.28,50.69,8.91,23.65,26.55,27.76,29.62
17-05-2020 00:00,22.59,31.98,28.81,26.68,30.96,31.06,19.75,8.1,8.1,30.67,62.91,14.88,12.8,62.91,21.23,21.23,29.64,17.84,33.36,15.97,39.33,13.25,52.33,30.67,19.75,45.23,37.33,52.33,23.09,51.8,52.33,7.39,32.72,26.68,31.11,31.06
18-05-2020 00:00,15.61,38.87,25.92,25.24,31.55,30.9,18.76,8.3,8.3,28.15,61.1,9.16,14.69,61.1,19.85,19.85,25.92,15.43,34.01,16.47,38.21,13.61,53.38,28.15,18.76,43.3,33.71,53.38,23.06,50.52,53.38,7.91,53.43,25.24,28.87,30.9
19-05-2020 00:00,17.23,59.22,26.91,25.45,33.03,31.97,20.61,9.4,9.4,27.32,66.15,13.11,15.46,66.15,18.1,18.1,26.29,15.64,35.04,18.26,35.76,17.47,50.7,27.32,20.61,47.6,39.18,50.7,20.62,56.2,50.7,8.34,46.93,25.45,26.61,31.97
20-05-2020 00:00,15.28,53.39,24,24.6,31.72,27.68,24.1,6.7,6.7,22.92,50.84,20.02,15.35,50.84,17.44,17.44,26.14,29.77,24.92,24.96,35.68,19.66,44.91,22.92,24.1,38.75,25.43,44.91,18.61,53.97,44.91,7.59,44.55,24.6,24.34,27.68
21-05-2020 00:00,10.05,51.91,21.02,23.86,31.52,28.39,20.56,7.13,7.13,23.68,49.85,17.87,15.65,49.85,15.25,15.25,26.43,21.41,22.22,20.22,34.38,18.24,35.14,23.68,20.56,35.54,23.49,35.14,16.98,49.49,35.14,10.63,42.34,23.86,22.34,28.39
22-05-2020 00:00,14.29,21.95,25.24,25.32,35.22,34.16,21.19,11.7,11.7,24.35,60.17,15.74,16.73,60.17,18.6,18.6,26.72,10.02,29.61,20.18,40.7,18.67,47.52,24.35,21.19,42.46,30.98,47.52,19.58,54.17,47.52,7.37,54.29,25.32,26.68,34.16
23-05-2020 00:00,13.72,29.76,22.92,25.44,39.14,32.92,23.16,13,13,23.24,57.29,22.86,17.96,57.29,19.1,19.1,39.63,10.11,21.91,20.4,31.78,17.39,44.54,23.24,23.16,50.61,21.65,44.54,21.31,60.57,44.54,7.92,51.84,25.44,26.57,32.92
24-05-2020 00:00,13.17,22.94,21.51,24.91,39.02,31.33,21.23,5.64,5.64,23.34,53.83,23.35,15.43,53.83,16.17,16.17,31.41,17.11,22.72,18.08,32.87,19.54,40.64,23.34,21.23,53.08,16.04,40.64,19.87,75.72,40.64,8.98,52.44,24.91,29.11,31.33
25-05-2020 00:00,12.41,19.59,22.03,25.72,35.6,20.97,22.58,7.28,7.28,26.01,55.66,23.74,16.18,55.66,17.81,17.81,27.48,40.4,25.92,21.85,35.41,22.59,42.9,26.01,22.58,44.08,18.8,42.9,19.72,76.07,42.9,7.49,49.56,25.72,26.51,20.97
26-05-2020 00:00,11.49,20.15,20.9,23.7,34.28,20.6,24.64,7.87,7.87,22.1,62.9,21.41,17.39,62.9,15.35,15.35,23.08,14.02,28.9,19.06,35.17,20.14,42.21,22.1,24.64,41.52,19.81,42.21,13.32,55.16,42.21,11.63,45.66,23.7,23.62,20.6
27-05-2020 00:00,11.04,20.33,22.69,24.05,34.4,24.01,26.87,6.61,6.61,23.25,52.22,20.89,12.15,52.22,17.31,17.31,23.34,11.39,20.94,20.21,25.05,18.28,41.27,23.25,26.87,46.22,21.98,41.27,13.19,54.73,41.27,10.35,47.28,24.05,27.43,24.01
28-05-2020 00:00,14.84,21.13,39.84,31.8,28.47,29.47,30.71,5.26,5.26,32,50.58,23.58,13.42,50.58,22.31,22.31,28.37,31.24,44.18,18.34,25.59,14.74,49.4,32,30.71,52.02,24.31,49.4,19.16,56.94,49.4,10.31,50.21,31.8,32.75,29.47
29-05-2020 00:00,18.08,21.67,43.18,33.05,23.3,37.9,32.05,5.99,5.99,40.62,53.22,20.21,17.79,53.22,28.74,28.74,31.43,15.23,54.55,16.77,42.8,13.54,53.28,40.62,32.05,53.21,28.68,53.28,18.26,116.71,53.28,10.23,51.89,33.05,30.68,37.9
30-05-2020 00:00,19.86,23.29,41.85,35.56,22.98,39.42,34.12,5.8,5.8,54.37,62.53,20.42,14.09,62.53,34.4,34.4,35.55,12.31,50.54,16.37,46.63,12.76,55.5,54.37,34.12,56.96,26.78,55.5,28.52,105.59,55.5,9.83,52.69,35.56,31.67,39.42
31-05-2020 00:00,12.91,21.03,48.52,33.99,30.34,37,30.54,5.46,5.46,45.64,63.56,24.47,12.5,63.56,32.95,32.95,33.78,14.79,49.04,16.02,45.73,12.18,49.79,45.64,30.54,55.21,26.56,49.79,31.98,105.23,49.79,10.13,50.86,33.99,29.52,37
01-06-2020 00:00,27.28,21.42,40.46,33.2,29.58,57.55,31.15,6.36,6.36,38.02,59.97,15.28,12.4,59.97,28.81,28.81,33.35,16.39,44.72,19.548,47.83,13.33,48.58,38.02,31.15,49.14,26.63,48.58,26.71,100.97,48.58,7.34,53.25,33.2,28.92,57.55
02-06-2020 00:00,18.84,24.5,39,35.37,32.54,37.14,33.85,6.82,6.82,37.2,63.18,13.38,17.04,63.18,28.85,28.85,37.06,11.82,49.47,23.076,43.04,12.68,56.2,37.2,33.85,57.04,27.39,56.2,28.48,119.92,56.2,8,57.32,35.37,31.06,37.14
03-06-2020 00:00,20.13,25.32,36.02,33.2,27.85,36.79,32.66,14.69,14.69,33.93,76.86,14.76,17.47,76.86,28.86,28.86,39.36,10.45,47.46,26.604,48.57,12.92,55.83,33.93,32.66,53.75,25.58,55.83,34.92,113.94,55.83,4.6,57.71,33.2,34.21,36.79
04-06-2020 00:00,10.32,54.94,35.76,41.78,27.53,40.36,37.41,28.73,28.73,35.24,59.11,17.02,20.09,59.11,34.56,34.56,40.24,10.43,48.17,30.132,46.46,13.69,58.44,35.24,37.41,57.88,26.86,58.44,43.21,130.99,58.44,5.39,58.7,41.78,36.46,40.36
05-06-2020 00:00,25.33,35.23,35.4,37.67,24.82,40.66,33.66,27.04,27.04,34.8,16.37,21.3,16.2,16.37,31.88,31.88,40.33,10.98,50.17,33.66,46.01,13.13,53.35,34.8,33.66,55.42,25.23,53.35,29.9,110.97,53.35,8.27,59.32,37.67,35.06,40.66
06-06-2020 00:00,20.69,23.61,32.13,37.55,24.11,38.7,29.94,24.34,24.34,35.96,15.3,18.8,15.88,15.3,27.72,27.72,37.24,9.5,50.86,31.44,21.97,12.5,45.05,35.96,29.94,49.36,24.55,45.05,29.2,106.08,45.05,8.82,55.33,37.55,29.41,38.7
07-06-2020 00:00,17.98,30.75,29,35.91,23.09,35.72,29.22,23.24,23.24,37.54,14.05,18.96,14.01,14.05,26.33,26.33,34.32,15.69,51.18,29.96,17.36,13.07,48.36,37.54,29.22,47.54,23.25,48.36,25.33,95.05,48.36,8.51,51.38,35.91,27.11,35.72
08-06-2020 00:00,16.79,35.75,29.22,35.78,23.94,36.53,31.16,21.49,21.49,36.98,13.81,15.47,16.76,13.81,25.27,25.27,36.08,34.12,52.29,30.16,16.66,13.37,55.92,36.98,31.16,48.51,23.2,55.92,25.72,100.99,55.92,7.31,53.16,35.78,26.45,36.53
09-06-2020 00:00,17.37,35.15,30.41,36.75,25.38,38.81,33.61,23.69,23.69,36.19,15.04,13.99,16.69,15.04,29.48,29.48,37.04,34.17,58.24,31.94,17.09,19.8,55.72,36.19,33.61,51.45,24.41,55.72,31.01,114.18,55.72,7.71,54.49,36.75,25.6,38.81
10-06-2020 00:00,17.41,30.7,34.03,34.31,23.54,31.25,35.61,23.92,23.92,33.33,15.57,13.21,17.11,15.57,28.32,28.32,35.34,34.71,52.48,29.4,15.97,20.19,53.78,33.33,35.61,51.9,24.57,53.78,31,121.77,53.78,8.48,52.68,34.31,27.58,31.25
11-06-2020 00:00,14.515,25.76,30.32,34.05,22.69,42.15,70.69,21.45,21.45,55.5,13.2,14.36,14.89,13.2,30.35,30.35,40.49,14.31,56.42,29.79,15.47,18.45,57.71,55.5,70.69,59.35,25.35,57.71,33.11,123.56,57.71,7.08,55.45,34.05,25.12,42.15
12-06-2020 00:00,11.62,47.98,33.27,37.94,23.38,29.79,114.3,19.59,19.59,57.83,14.13,26.82,13.19,14.13,33.74,33.74,43.23,9.2,56.43,33.2,14.28,16.75,56.71,57.83,114.3,58.75,27.21,56.71,29.77,134.64,56.71,10.23,56.84,37.94,28.27,29.79
13-06-2020 00:00,7.18,56.54,29.96,38.2,21.615,34.46,101.96,20.82,20.82,46,18.62,31.01,12.63,18.62,27.63,27.63,38.21,8.57,54.28,28.26,13.74,14.02,49.87,46,101.96,52.49,24.58,49.87,26.34,123.03,49.87,10.01,50.5,38.2,27.82,34.46
14-06-2020 00:00,9.32,59.02,29.94,34.79,19.85,62.11,109.45,22.41,22.41,43.24,20.1,25.22,11.4,20.1,30.26,30.26,39.72,8.47,57.13,30.64,14.08,13.26,58.42,43.24,109.45,58.75,26.08,58.42,14.4,148.19,58.42,10.01,58.04,34.79,28.36,62.11
15-06-2020 00:00,18.32,49.24,36.01,33.12,20.92,47.35,88.32,20.63,20.63,35.76,16.83,25.06,14.24,16.83,31.39,31.39,36.95,7.66,43.43,27.32,12.9,11.8,49.92,35.76,88.32,55.06,23.69,49.92,26.05,118.97,49.92,7.58,58.62,33.12,28.44,47.35
16-06-2020 00:00,62.42,44.73,31.12,31.86,20.05,36.69,80.98,21.13,21.13,30.98,14.6,25.6,12.81,14.6,27.14,27.14,30.96,7.1,39.39,26.95,12.2,11.21,38.48,30.98,80.98,45.81,20.77,38.48,19.2,102.61,38.48,9.37,49.07,31.86,24.83,36.69
17-06-2020 00:00,13.87,46.22,23.86,31.71,28.27,32.8,79.36,15.69,15.69,30.97,12.61,26.55,14.71,12.61,28.51,28.51,29.02,6.86,42.23,26.35,11.49,11.12,28.03,30.97,79.36,46.29,20.58,28.03,13.93,106.92,28.03,11.1,46.58,31.71,22.84,32.8
18-06-2020 00:00,11.98,41.49,24.76,31.34,15.37,34.04,76.98,6.89,6.89,31.86,15.66,25.37,10.86,15.66,22.9,22.9,29.5,6.79,39.57,26.01,13.36,10.83,27.59,31.86,76.98,45.69,25.67,27.59,10.89,102.78,27.59,10.21,47.24,31.34,22.83,34.04
19-06-2020 00:00,11.32,33.65,21.66,30.27,13.61,31.37,79.61,6.58,6.58,30.94,13.75,25.3,13.86,13.75,22.93,22.93,27.75,6.75,44.36,23.74,15.41,10.09,26.05,30.94,79.61,48.04,23.56,26.05,14.66,105.86,26.05,10.55,46.27,30.27,20.26,31.37
20-06-2020 00:00,5.22,20.21,21.08,31.47,10.69,28.69,74.65,8.43,8.43,27.305,20.63,24.27,13.15,20.63,15.42,15.42,29.79,7.19,40.22,20.05,13.41,9.05,28.4,27.305,74.65,51.76,20.16,28.4,15.44,98.84,28.4,10.28,46.38,31.47,24.27,28.69
21-06-2020 00:00,18.88,22.89,25.61,29.24,10.6,31.06,88.99,8.47,8.47,23.67,32.87,23.79,10.99,32.87,21.26,21.26,29.14,7.83,38.29,34.47,14.61,9.15,36.74,23.67,88.99,44.26,24.56,36.74,12.62,105.45,36.74,9.05,45.44,29.24,22.68,31.06
22-06-2020 00:00,13.59,20.85,31.75,35.27,19.38,37.38,91.17,7.5,7.5,20.035,37.47,26.34,11.88,37.47,24.64,24.64,35.35,21.83,50.76,38.16,15.34,13.31,42.19,20.035,91.17,52.82,29.89,42.19,33.23,121.24,42.19,11.31,53.29,35.27,25.8,37.38
23-06-2020 00:00,23.93,17.66,27.05,34.18,39.59,39.44,80.63,6.12,6.12,16.4,29.5,31.97,13.68,29.5,27.13,27.13,31.51,18.12,48.6,25.16,17.36,13.14,37.16,16.4,80.63,50.47,28.79,37.16,19.58,118.78,37.16,18.36,51.38,34.18,22.43,39.44
24-06-2020 00:00,33.08,14.6,20.33,30.95,33.22,35.41,72.87,6.23,6.23,12.765,22.81,29.98,15.5,22.81,24.94,24.94,30.12,14.35,44.39,23.29,17.5,11.37,29.82,12.765,72.87,47.6,25.79,29.82,20.01,116.54,29.82,22.68,49.52,30.95,21.8,35.41
25-06-2020 00:00,41.09,11.61,25.69,31.25,28.82,32.28,79.36,6.99,6.99,9.13,20.76,31.29,17.39,20.76,20.36,20.36,30.08,12.7,42.36,21.41,18.27,10.49,30.03,9.13,79.36,55.35,24.24,30.03,14.95,110.63,30.03,21.31,47.85,31.25,21.52,32.28
26-06-2020 00:00,69.94,12.14,27.5,34.37,26.19,34.53,94.23,7.51,7.51,15.89,23.95,29.67,15.73,23.95,21.38,21.38,29.68,11.76,41.45,22.99,17.31,10.08,45.15,15.89,94.23,65.58,24.27,45.15,16.42,142.44,45.15,20.42,52.42,34.37,23.73,34.53
27-06-2020 00:00,63.35,15.4,39.19,35.28,23.96,33.33,86.12,7.26,7.26,15.61,23.54,29.16,13.57,23.54,20.06,20.06,29.18,10.28,37,23.77,16.1,9.2,35.2,15.61,86.12,49.79,21.71,35.2,31.66,171.48,35.2,22.67,46.86,35.28,25.43,33.33
28-06-2020 00:00,43.09,20.52,25.71,32.16,22.03,29.76,78.46,6.63,6.63,14.58,22.75,27.81,14.85,22.75,18.24,18.24,25.5,9.36,33.34,23.45,15.27,9.92,35.39,14.58,78.46,39.69,20.75,35.39,24.29,116.97,35.39,19.59,39.14,32.16,23.51,29.76
29-06-2020 00:00,33.66,13.63,24.37,29.04,20.76,29.14,67.88,6.37,6.37,14.12,26.11,25.58,16.27,26.11,17.43,17.43,23.02,8.8,29.28,21.12,13.81,41.63,31.91,14.12,67.88,42.9,19.4,31.91,20.13,114.97,31.91,12.98,41.13,29.04,21.79,29.14
30-06-2020 00:00,30.39,24.68,19.32,28.76,20.4,29.62,80.91,6.34,6.34,15.04,25.34,28.95,15.59,25.34,16.42,16.42,21.57,10.16,35.3,20.83,16.99,27.08,29.28,15.04,80.91,42.31,21.57,29.28,15.35,114.16,29.28,21.62,43.24,28.76,21.25,29.62
01-07-2020 00:00,37.96,20.57,22.03,31.36,20.98,34.59,82.41,6.39,6.39,18.99,25.17,28.83,15.23,25.17,17.14,17.14,25.51,13.14,37.3,31.22,17.26,29.87,31.34,18.99,82.41,40.79,24.51,31.34,20.05,108.78,31.34,21.2,45.68,31.36,23.46,34.59
02-07-2020 00:00,61.81,25.33,24.61,32.67,23.74,34.55,66.69,6.52,6.52,20.62,22.13,30.28,12.23,22.13,22.03,22.03,28,14.47,39.05,45.1,16.33,39.55,29.76,20.62,66.69,41.42,25.88,29.76,25.98,122.61,29.76,22.21,47.52,32.67,22.48,34.55
03-07-2020 00:00,36.46,29.14,27.58,33.52,22.16,34.7,66.33,6.87,6.87,20.92,24.24,31.45,13.75,24.24,22.28,22.28,31.41,14.63,45.24,35.17,14.62,48.44,38.14,20.92,66.33,46.42,28.62,38.14,24.42,136.74,38.14,22.99,50.21,33.52,22.11,34.7
04-07-2020 00:00,26.64,26.81,31.69,34.01,21.18,36.43,57.75,6.02,6.02,24.34,23.21,29.67,11.58,23.21,28.44,28.44,32.94,14.82,46.6,35.32,12.46,39.2,34.57,24.34,57.75,48.73,27.48,34.57,17.29,105.51,34.57,22.39,54.41,34.01,27.35,36.43
05-07-2020 00:00,19.46,20.35,26.35,30.55,20.24,30.37,47.93,4.92,4.92,19.76,20.23,29.95,10.86,20.23,24.67,24.67,29.54,13.31,45.26,31.5,9.46,31.03,28.1,19.76,47.93,41.08,22.99,28.1,23.45,99.4,28.1,22.82,46.03,30.55,24.04,30.37
06-07-2020 00:00,23.49,23.63,19.67,28.36,21.17,34.66,50.1,6.8,6.8,21.64,21.43,29.75,12.4,21.43,21.49,21.49,25.05,13.66,51.35,31.99,9.55,36.38,32.94,21.64,50.1,43.11,28.06,32.94,28.3,97.93,32.94,23.08,43.73,28.36,20.9,34.66
07-07-2020 00:00,22.75,22.21,33.66,29.66,20.25,36.22,50.12,6.34,6.34,18.16,21.1,30.01,11.32,21.1,22.68,22.68,26.65,11.63,61.67,24.58,7.28,32.28,29.41,18.16,50.12,42.1,25.06,29.41,22.17,33.27,29.41,22.01,44.31,29.66,22.81,36.22
08-07-2020 00:00,23.35,19.87,37.25,27.37,17.84,34.37,42.94,6.05,6.05,17.3,19.64,31.31,11.06,19.64,21.23,21.23,26.43,12.21,53.89,24.32,7.04,25.57,44.74,17.3,42.94,30.38,25.18,25.34,13.49,44.15,44.74,21.76,43.55,27.37,21.44,34.37
09-07-2020 00:00,26.53,19.05,28.7,25.52,20.23,34.47,58.94,7.21,7.21,18.83,20.1,32.08,13.07,20.1,18.91,18.91,25.16,13.81,44.78,20.775,7.77,43.03,39.63,18.83,58.94,30.39,24.32,25.16,12.94,56.39,39.63,28.12,43.55,25.52,21.09,34.47
10-07-2020 00:00,27.35,19.38,24.58,26.54,22.17,34.36,54.36,6.08,6.08,17.83,22.49,34.73,11.93,22.49,20.16,20.16,26.02,12.68,39.22,17.23,6.74,31.82,32.45,17.83,54.36,39.17,22.96,32.63,17.41,46.81,32.45,34.41,39.78,26.54,20.88,34.36
11-07-2020 00:00,46.67,18.34,23.72,28.63,23.01,30.92,52.52,5.58,5.58,15.2225,21.98,38.31,12.84,21.98,18.77,18.77,25.23,12.23,35.59,12.57,6.39,34.52,42.07,15.2225,52.52,36.88,20.76,31.59,29.33,44.52,42.07,39.35,39.68,28.63,21.88,30.92
12-07-2020 00:00,42.15,16.99,24.15,28.51,18.69,31.08,53.42,5.64,5.64,12.615,22.19,37.35,11.07,22.19,21.13,21.13,27.11,11.82,36.04,13.12,6.26,35.3,30.87,12.615,53.42,35.85,20.23,30.68,38.34,26.62,30.87,39.37,37.475,28.51,23.5,31.08
13-07-2020 00:00,39.62,17.47,24.08,28.61,17.55,29.67,51.01,5.73,5.73,10.0075,25.92,36.94,12.88,25.92,20.62,20.62,26.94,11.95,34.83,14.19,6.31,31.19,28.75,10.0075,51.01,34.31,20.59,31.18,41.8,28.59,28.75,38.03,35.27,28.61,23.38,29.67
14-07-2020 00:00,44.04,20.58,26.4,30.71,17.34,34.11,52.32,6.96,6.96,7.4,28.36,39.14,13.32,28.36,18.42,18.42,27.91,14.79,37.91,14.07,6.53,29.55,28.86,7.4,52.32,37.45,23.97,34.67,37,32.04,28.86,37.27,46.39,30.71,26.14,34.11
15-07-2020 00:00,43.36,20.65,30.63,33.09,17.53,39.07,62.29,5.07,5.07,14.94,27.45,39.49,14.13,27.45,21.91,21.91,32.22,13.48,45.5,14.81,6.87,35.41,30.91,14.94,62.29,41.54,26.56,37.05,51.09,33.75,30.91,38.64,53.72,33.09,28.53,39.07
16-07-2020 00:00,40.77,18,29.46,35.9,41.63,42.24,62.4,5.38,5.38,14.96,24.33,34.54,16.13,24.33,23.9,23.9,33.37,14.75,39.64,14.35,6.74,33.94,29.92,14.96,62.4,45.74,26.62,32.4,42.4,48.55,29.92,44.17,55.18,35.9,27.88,42.24
17-07-2020 00:00,39.29,15.37,27.89,36.21,45.33,43.44,61.28,5.81,5.81,12.63,21.49,24.91,16.98,21.49,24.6,24.6,31.47,15.32,42.32,17.04,7.94,33.58,35.04,12.63,61.28,40.23,28.35,28.74,40.51,47.24,35.04,43.69,54.26,36.21,27.06,43.44
18-07-2020 00:00,36.54,12.94,28.82,35.95,39.35,49.21,53.48,6.02,6.02,15.15,23.92,25.15,13.77,23.92,16.11,16.11,37.82,14.61,43.21,16.19,7.12,40.67,36.64,15.15,53.48,39.25,29.99,39.98,43.62,40.21,36.64,52.56,52.47,35.95,26.05,49.21
19-07-2020 00:00,31.98,12.39,29.91,34.95,37.06,40.82,42.88333333,6.38,6.38,15.19,24.3,24.06,11.98,24.3,32.16,32.16,34.33,27.5,41.33,13.36,6.68,34.36,35.2,15.19,42.88333333,45.14,26.57,35.16,37.49,32.93,35.2,46.62,49.32,34.95,26.99,40.82
20-07-2020 00:00,28.3,10.99,26.68,31.83,33.29,42.44,32.28666667,6.52,6.52,15.95,15.32,25.71,11.94,15.32,37.67,37.67,32.09,13.65,41.08,13.76,6.31,43.34,23.66,15.95,32.28666667,39.3,24.94,39.52,34.76,28.34,23.66,39.79,48.31,31.83,30.33,42.44
21-07-2020 00:00,27.48,9.92,24.5,28.63,32.37,32.91,21.69,6.65,6.65,15.21,26.07,23.75,14.58,26.07,27.03,27.03,25.33,11.73,34.73,16.49,6.2,30.14,29,15.21,21.69,31.86,21.48,29.4,33.31,36.99,29,39.62,39.42,28.63,23.41,32.91
22-07-2020 00:00,27.67,17.61,23.68,27.28,29.57,34.48,21.54,7.19,7.19,13.74,26.53,25.92,12.07,26.53,18.78,18.78,23.8,13.13,34.15,15.86,6.37,24.76,49.28,13.74,21.54,32.49,21.48,26.11,24.64,45.22,49.28,39.89,39.97,27.28,22.84,34.48
23-07-2020 00:00,34.63,39.57,24.75,26.17,30.16,36.49,19.16,7.55,7.55,13.38,31.67,21.23,13.42,31.67,21.84,21.84,26.3,12.26,34.9,19.48,7.1,32.22,35.54,13.38,19.16,36.31,21.7,25.59,36.05,41.41,35.54,36.43,44.17,26.17,26.44,36.49
24-07-2020 00:00,41.93,71.87,28.78,29.36,31.79,44.65,29.03,7.38,7.38,16.65,39.43,24.44,18.77,39.43,24.04,24.04,31.65,12.69,46.79,23.12,8.64,47.42,41.05,16.65,29.03,54.98,28.21,33.64,60.82,42.73,41.05,42.22,69.63,29.36,29.16,44.65
25-07-2020 00:00,37.82,52.7,37.24,35.74,29.61,51.04,30.51,6.28,6.28,19.25,30.27,24.29,14.38,30.27,33.45,33.45,37.6,13.3,50.13,23.64,11.52,47.19,42.57,19.25,30.51,57.6,31.62,30.85,66.83,40,42.57,32.8,57.91,35.74,32.92,51.04
26-07-2020 00:00,44.04,56.34,37.37,36.79,28.73,50.94,30.54,7.82,7.82,20.36,34.85,22.65,19.12,34.85,32.1,32.1,38.54,14.9,49.08,21.99,9.65,53.68,37.44,20.36,30.54,55.15,30.98,30.99,70.07,34.28,37.44,44.01,56.49,36.79,28.96,50.94
27-07-2020 00:00,50.26,56.58,38.86,33.23,28.59,55.09,28.04,7.94,7.94,18.38,41.96,22.93,18.39,41.96,34.06,34.06,41.92,14.17,50.84,21.56,9.04,46.57,40.86,18.38,28.04,61.16,29.93,30.87,62.67,26.95,40.86,41.13,58.07,33.23,37.57,55.09
28-07-2020 00:00,42.27,28.77,39.04,29.56,29.76,47.34,23,5.94,5.94,16.32,43.3,22.94,16.55,43.3,26.01,26.01,32.71,12.45,45.16,22.13,8.08,36.66,51.39,16.32,23,54.97,27.77,28.15,47.25,20.41,51.39,40.09,49.27,29.56,28.1,47.34
29-07-2020 00:00,24.72,20.88,32.84,29.53,27.54,43.59,23.71,7.8,7.8,16.22,38.27,19.79,18.28,38.27,24.19,24.19,31.15,12.25,35.43,20.51,7.15,34.87,29.9,16.22,23.71,48.66,24.13,32.08,36.61,24.12,29.9,37.06,47.95,29.53,30.89,43.59
30-07-2020 00:00,22.45,17.99,31.31,35.44,26.05,42.51,25.73,6.67,6.67,15.03,32.74,23.96,17.59,32.74,25.14,25.14,34.16,11.07,35.5,19.11,6.59,36.34,28.36,15.03,25.73,50.62,22.08,35.21,33.17,30.6,28.36,34.6,47.48,35.44,27.97,42.51
31-07-2020 00:00,21.77,19.1,31.9,29.21,25.49,43.15,26.04,8.22,8.22,16.58,35.04,34.05,14.27,35.04,23.78,23.78,31.25,13.69,37.8,23.4,6.71,47.99,36.07,16.58,26.04,49.18,24.43,35.2,33.73,37.42,36.07,33.47,46.11,29.21,28.18,43.15
01-08-2020 00:00,18.49,29.68,32.92,35.74,24.08,47.17,31.63,6.58,6.58,20.49,37.43,29.37,13.87,37.43,26.82,26.82,45.67,11.86,38.42,20.85,6.34,43.02,40.21,20.49,31.63,55.08,27.22,41.23,39.57,38.63,40.21,35.15,49.98,35.74,26.65,47.17
02-08-2020 00:00,29.24,23.96,31.88,35.77,24.3,44.24,27.64,7.45,7.45,18.89,25.52,31.13,15.74,25.52,26.68,26.68,36.05,13.24,36.04,21.02,5.6,36.00333333,61.92,18.89,27.64,46.71,25.43,37.46,36.62,30.09,61.92,36.36,45.62,35.77,23.97,44.24
03-08-2020 00:00,22.035,25.51,32.59,32.49,24.59,42.47,26.52,5.3,5.3,21.01,38.8,32.18,15.04,38.8,24.26,24.26,34.7,12.24,39.76,19.57,6.74,28.98666667,45.52,21.01,26.52,46.93,26.01,42.78,37.59,28.6,45.52,32.88,45.07,32.49,26.53,42.47
04-08-2020 00:00,14.83,23.03,32.05,29.54,23.95,38.5,20.88,5.21,5.21,16.34,40.12,29.32,18.21,40.12,22.37,22.37,30.38,11.4,30.73,19.8,6.84,21.97,31.05,16.34,20.88,39.85,23.14,33.71,27.11,58.83,31.05,30.77,41.06,29.54,25.05,38.5
05-08-2020 00:00,7.625,24.41,28.33,25.98,23.38,34.73,20.92,6.85,6.85,16.08,34.49,26.14,15.74,34.49,18,18,27.05,11.64,33.81,19.37,6.82,30.83,31.73,16.08,20.92,44.56,22.94,31.24,30.59,53.76,31.73,32.79,40.4,25.98,19.77,34.73
06-08-2020 00:00,0.42,50.49,30.88,33.04,22.82,37.11,23.91,5.23,5.23,17.81,32.59,30.62,15.17,32.59,22.38,22.38,33.74,10.12,32.36,18.59,5.69,33.95,27.87,17.81,23.91,51.46,24.49,38.34,25.67,64.34,27.87,33.73,54.41,33.04,31.3,37.11
07-08-2020 00:00,7.151666667,48.1,30.55,28.45,26.02,36.33,19.46,6.05,6.05,15.68,30.33,32.26,17.19,30.33,22.8,22.8,28.59,10.89,28.19,16.77,7.19,23.26,22.22,15.68,19.46,39.56,24.13,26.67,21.88,50.12,22.22,30.72,47.11,28.45,23.53,36.33
08-08-2020 00:00,13.88333333,52.93,26.3,26.91,42.23,34.98,23.62,7.35,7.35,17.79,29.81,31.16,16.05,29.81,22.44,22.44,27.87,12.45,30.89,18.36,10.81,20.64,26.76,17.79,23.62,42.04,26.91,29.56,26.09,71.33,26.76,31.13,47.65,26.91,28.38,34.98
09-08-2020 00:00,20.615,53.93,21.11,25.63,36.18,34.93,20.18,6,6,19.64,29.16,34.08,17.56,29.16,19.78,19.78,26.23,11.16,35.53,28.51,9.9,13.32,39.29,19.64,20.18,40.33,27.46,26.32,24.01,60.52,39.29,30.63,43.46,25.63,25.82,34.93
10-08-2020 00:00,27.34666667,37.95,26.29,29.53,34.81,40.28,23.87,6.56,6.56,20.25,46.49,31.66,26.4,46.49,18.79,18.79,28.02,11.02,35.44,32.23,9.84,61.63,38.75,20.25,23.87,46.62,32.11,37.24,26.12,55.23,38.75,32.71,47.68,29.53,29.79,40.28
11-08-2020 00:00,34.07833333,60.52,30.44,30.39,34.04,41.01,24.13,6.66,6.66,18.58,20.31,33.78,29.34,20.31,24.55,24.55,30.13,12.43,32.05,23.69,9.62,37.1,29.26,18.58,24.13,43.63,29.28,38.65,25.21,47.28,29.26,26.2,52.86,30.39,21.41,41.01
12-08-2020 00:00,40.81,46.91,26.12,32.34,33.2,38.08,22.59,6.39,6.39,15.49,24.54,32.54,22.85,24.54,23.16,23.16,27.72,12.69,30.65,22.78,8.59,26.78,27,15.49,22.59,42.34,23.05,34.87,26.12,43.31,27,28.38,47.37,32.34,19.21,38.08
13-08-2020 00:00,15.9,44.11,25.51,29.08,29.7,33.23,19.94,6.5,6.5,13.22,29.37,22.78,27.35,29.37,23.29,23.29,23.39,13.54,30.21,21.84,8.54,23.43,40.94,13.22,19.94,35.15,19.94,40.83,15.34,39.34,40.94,25.66,35,29.08,20.25,33.23
14-08-2020 00:00,11.89,34.7,23.72,28.61,29.57,33.46,16.19,6.85,6.85,12.55,22.63,32.28,19.81,22.63,19.78,19.78,22.22,12.27,33.49,23.4,9.69,20.76,31.01,12.55,16.19,31.34,19.16,30.43,14.23,37.45,31.01,26.34,32.93,28.61,18.23,33.46
15-08-2020 00:00,36.64,49.36,21.65,26.33,31.84,31.28,15.79,6.26,6.26,13.99,17.61,30.43,17.67,17.61,18.66,18.66,20.69,11.98,28.65,24.96,9.77,21.63,25.78,13.99,15.79,35.85,21.49,26.4,9.986666667,41.19,25.78,29.01,34.45,26.33,17.61,31.28
16-08-2020 00:00,38.73,44.59,20.76,25.68,31.43,31.66,20.26,6.62,6.62,14.82,21.23,29.83,25.86,21.23,17.87,17.87,20.71,11.61,29.68,25.01,9.21,22.71,27.44,14.82,20.26,36.77,21.24,29.7,5.743333333,35.15,27.44,29.47,35.97,25.68,15.57,31.66
17-08-2020 00:00,27.79,49.14,23.39,29.03,30.33,34.08,21.37,7.55,7.55,16.17,19.92,23.18,27.46,19.92,23.04,23.04,23.41,12.63,32.17,26.05,9,25.01,33.57,16.17,21.37,37.8,19.29,28.31,1.5,36.98,33.57,28.16,37.49,29.03,15.99,34.08
18-08-2020 00:00,71.15,74.83,26.73,35.64,35.52,36.52,24.68,8.46,8.46,17.07,22.85,19.71,22.91,22.85,26.53,26.53,26.24,13.14,35.68,32.38,8.94,30.12,35.76,17.07,24.68,44.67,35.58,35.4,17.76,44.42,35.76,28.54,47.84,35.64,23.44,36.52
19-08-2020 00:00,29.06,53.79,26.37,33.74,43.63,48.27,21.18,9.18,9.18,16,27.94,14.23,22.92,27.94,25.78,25.78,28.34,12.24,33.14,25.74,8.12,23.64,36.64,16,21.18,36.99,51.87,34.92,12.06,44.7,36.64,27.84,50.56,33.74,25.27,48.27
20-08-2020 00:00,28.65,31.74,25.28,28.12,40.99,18.26,16.72,6.66,6.66,14.94,32.7,18.01,23.71,32.7,19.05,19.05,22.82,11.22,27.87,22.34,8.09,18.86,33.24,14.94,16.72,34.34,25.26,26.17,4.62,38.41,33.24,41.19,42.85,28.12,21.55,18.26
21-08-2020 00:00,15.48,12.23,22.08,26.29,38.97,11.37,14.56,6.22,6.22,16.2,20.5,17.74,22.96,20.5,16.36,16.36,20.65,7.56,23.87,27.34,8.03,19.34,34.19,16.2,14.56,35.48,20.21,18.58,2.26,33.14,34.19,19.66,39.03,26.29,16.95,11.37
22-08-2020 00:00,13.65,22.38,19.79,25.23,41.3,9.46,15.67,4.7,4.7,16.77,17.39,17.94,18.28,17.39,14.1,14.1,20.8,6.18,23.17,28.31,8.51,19.86,29.51,16.77,15.67,45.11,20.65,19.67,8.82,32.88,29.51,21.6,41.29,25.23,16.35,9.46
23-08-2020 00:00,14.43,34.17,19.57,24.98,31.2,14.4,13.34,4.26,4.26,21.95,17.93,17.86,21.02,17.93,17.7,17.7,21.99,7.88,24.1,24.75,9.41,18.51,24.26,21.95,13.34,44.74,20.12,20.55,15.1,33.59,24.26,15.23,42.275,24.98,18.04,14.4
24-08-2020 00:00,15.08,26.01,18.78,24.22,37.6,34.01,13.55,5.95,5.95,20.34,25.15,17.72,47.88,25.15,17.33,17.33,19.91,8.41,22.21,21.81,10.88,17.08,22.59,20.34,13.55,37.82,18.47,20.37,15.67,32.87,22.59,12.55,43.26,24.22,17.16,34.01
25-08-2020 00:00,17.66,35.47,18.24,25.23,18.54,29.31,16.52,7.07,7.07,20.63,32.78,17.94,58.8,32.78,18.22,18.22,20.15,8.41,22.1,20.06,11.52,18.48,22.44,20.63,16.52,37.55,18.05,18.48,12.41,33.43,22.44,11.31,44.02,25.23,15.77,29.31
26-08-2020 00:00,14.8,33.98,18.75,26.5,21.03,26.33,15.84,6.66,6.66,21.16,59.92,16.73,50.74,59.92,18.99,18.99,21.86,9.67,22.98,18.68,10.89,18.75,19.31,21.16,15.84,34.87,16.51,22.41,8.79,28.67,19.31,14.88,42.62,26.5,17.23,26.33
27-08-2020 00:00,15.91,16.28,18.47,25.18,16.87,23.58,16.06,6.3,6.3,21.39,31.68,15.66,56.66,31.68,17.75,17.75,20.05,10.54,22.52,19.71,11.15,20.45,21.74,21.39,16.06,32.05,16.26,24.29,12.66,29.24,21.74,9.69,36.23,25.18,16.43,23.58
28-08-2020 00:00,18.06,26.67,21.14,25.96,19.1,21.87,15.01,8.99,8.99,22.79,25.65,27.09,61.56,25.65,16.18,16.18,18.38,11,25.52,20.26,11.59,25.46,41.07,22.79,15.01,40.54,21.61,26.25,14.5,40.26,41.07,14.55,35.63,25.96,16.57,21.87
29-08-2020 00:00,15.97,27.54,22.1,29.27,17.27,34.42,18.83,9.11,9.11,21.34,29.71,26.06,61.05,29.71,17.12,17.12,20.1,10.6,28.08,20.08,11.59,32.92,41.32,21.34,18.83,48.82,24.77,31.78,17.78,45.4,41.32,10.47,41.53,29.27,21.38,34.42
30-08-2020 00:00,13.9,26.75,21.92,26.82,19.06,29.3,16.21,9.65,9.65,21.77,25.72,24.51,61.35,25.72,17.17,17.17,21.6,10.08,26.57,18.11,11.09,30.62,25.82,21.77,16.21,44.45,23.05,24.87,15.72,41.48,25.82,16.38,42.89,26.82,18.88,29.3
31-08-2020 00:00,11.76,23.37,20.95,26.46,17.36,35.04,15.38,10.19,10.19,21.48,20.3,24.3,57.22,20.3,18.86,18.86,20.47,8.77,22.9,16.96,10.57,23.27,21.15,21.48,15.38,35.23,18.29,21.12,13.43,34.85,21.15,12.74,41.13,26.46,18.23,35.04
01-09-2020 00:00,11.95,25.08,19.92,26.31,22.48,22.48,26.31,7.54,7.54,18.19,18.53,26.1,50.57,18.53,20.46,20.46,18.81,7.65,21.85,17.27,10.72,22.38,17.92,18.19,26.31,31.01,15.82,24.49,11.71,29.9,17.92,13.19,38.92,26.31,16.77,22.48
02-09-2020 00:00,13.79,27.9,19.63,24.98,28.28,22.3,16.97,5.42,5.42,18.09,18.52,28.32,35.79,18.52,22.06,22.06,17.76,8.03,23.34,18.39,11.01,23.56,18.02,18.09,16.97,32.64,15.96,22.94,11.43,29.6,18.02,14.11,38.62,24.98,17.32,22.3
03-09-2020 00:00,16.78,17.35,20.09,23.67,29.69,33.6,26.06,8.56,8.56,24.54,19.88,27.48,24.48,19.88,23.66,23.66,17.18,8.4,22.34,19.25,11.94,30.45,21.02,24.54,26.06,37.53,17.81,24.58,11.96,37.46,21.02,14.61,38.13,23.67,17.03,33.6
04-09-2020 00:00,18.13,31.72,21.51,19.62,27.23,37.18,23,35.5,35.5,26.42,23.21,26.14,23.81,23.21,25.26,25.26,19.01,7.95,26.19,18.45,12.24,30.21,21.8,26.42,23,41.36,20.7,28.9,14.97,43.13,21.8,12.49,42.57,19.62,19.31,37.18
05-09-2020 00:00,21.69,18.35,21.08,10.56,31.35,39.77,19,34.95,34.95,26.66,25.46,36.68,22.15,25.46,26.86,26.86,21.48,7.43,29.57,14.56,12.31,29,23.49,26.66,19,41.09,20.94,28.55,14.68,47.53,23.49,13.84,42.34,10.56,19.06,39.77
06-09-2020 00:00,18.44,38.99,20.61,12.66,26.63,42.36,18.94,27.54,27.54,28.4,29.13,74.92,24.46,29.13,28.46,28.46,20.96,8.02,32.95,12.87,12.09,29.99,31.88,28.4,18.94,41.97,20.46,37.66,11.79,41.98,31.88,14.28,37.71,12.66,19.17,42.36
07-09-2020 00:00,18.25,36.55,20.81,14.76,25.92,41.96,21.21,33.86,33.86,30.35,27.47,80.29,23.07,27.47,30.06,30.06,19.41,7.65,36.33,21.13,12.57,33.63,31.81,30.35,21.21,50.98,22.84,38.01,12.57,48.82,31.81,9.81,36.86,14.76,22.69,41.96
08-09-2020 00:00,17.67,19.84,21.31,25.6,27.23,40.48,18.7,32.59,32.59,25.08,25.13,73.84,23.29,25.13,31.66,31.66,20.21,7.36,32.285,17.57,13.02,28.04,23.43,25.08,18.7,40.51,20.76,41.99,12.84,41.09,23.43,12.3,32.29,25.6,20.95,40.48
09-09-2020 00:00,19.83,23.86,22.34,26.1,25.49,38.39,21.32,37.19,37.19,33.14,29.09,78.23,21.85,29.09,29.98,29.98,20.02,7.87,28.24,20.92,19.17,34.39,25.3,33.14,21.32,43.95,22.77,48.87,13.28,53.23,25.3,11.83,34.46,26.1,21.61,38.39
10-09-2020 00:00,19.17,23.35,21.59,25.78,24.18,36.73,23.93,33.11,33.11,30.95,48.35,58.23,21.2,48.35,27.34,27.34,20.3,7.59,37.53,21.82,26.16,33.01,22.63,30.95,23.93,44.01,22.72,55.43,9.57,59.51,22.63,13.8,40.04,25.78,23.19,36.73
11-09-2020 00:00,21.16,22.33,21.76,25.88,23.69,33.93,25.82,35.71,35.71,30.49,35.24,57.89,27.13,35.24,22.61,22.61,22,7.39,35.31,15.3,28.87,34.19,25.24,30.49,25.82,44.93,23.72,22.21,24.21,54.24,25.24,11.55,39.59,25.88,23.36,33.93
12-09-2020 00:00,18.58,22.66,22.82,26.15,23.13,30.79,27.93,38.4,38.4,36.06,37.4,60.42,23.02,37.4,22.16,22.16,21.81,7.23,32.05,14.24,43.89,38.69,29.02,36.06,27.93,47.68,25.21,32.71,38.4,67.25,29.02,8.14,42.31,26.15,25.25,30.79
13-09-2020 00:00,21.11,21.57,24.6,25.9,22.51,36.28,26.71,30.34,30.34,37.41,38.75,47.08,23.67,38.75,36.27,36.27,21.55,7.27,39.84,14.45,47.06,39.37,29.66,37.41,26.71,48.92,26.34,34.55,31.05,63.59,29.66,11.42,44.07,25.9,27.43,36.28
14-09-2020 00:00,21.8,27.33,23.96,26.62,20.96,35.93,28.14,27.94,27.94,36.3,38.05,43.54,29.25,38.05,29.37,29.37,22.37,7.34,34.54,18.36,48.02,42.54,30.44,36.3,28.14,49.38,25.14,34.99,36.8,60.64,30.44,10.78,43.56,26.62,27.15,35.93
15-09-2020 00:00,21.35,25.53,23.89,24.76,20.54,35.51,23.26,29.72,29.72,33.85,38.52,49.58,23.51,38.52,32.74,32.74,23.53,7.01,35.23,26.55,44.85,39.21,28.7,33.85,23.26,46,23.96,41.05,31.68,67.59,28.7,11.45,43.42,24.76,27.66,35.51
16-09-2020 00:00,23.19,25.34,24.39,23.62,21.41,32.88,23.48,34.64,34.64,37.95,38.43,66.98,22.56,38.43,37.24,37.24,22.25,7.55,30.3,24.77,42.97,38.03,28.88,37.95,23.48,46.35,24.2,37.16,31.64,62.52,28.88,9.94,41.16,23.62,25.6,32.88
17-09-2020 00:00,22.27,23.99,23.62,22.83,21.4,31.48,19.88,31.91,31.91,35.85,38.24,51.07,22.85,38.24,43.37,43.37,21.96,6.7,26.53,21.35,40.63,32.65,25.81,35.85,19.88,44.85,24.08,37.96,28.11,56.84,25.81,12.1,40.13,22.83,24.95,31.48
18-09-2020 00:00,18.67,24.01,22.72,22.25,19.85,31.46,18.26,27.28,27.28,33.13,37.39,48.72,22.84,37.39,50.32,50.32,20.31,7.02,25.77,21.12,37,34.06,20.18,33.13,18.26,46.03,23.54,31.24,26.48,48.32,20.18,14.58,39.3,22.25,25.04,31.46
19-09-2020 00:00,22.95,17.59,21.99,25.43,18.24,31.79,18.91,28.6,28.6,33.56,37.95,48.38,23.3,37.95,50.84,50.84,20.33,7.36,24.55,19.43,34.88,33.16,24.05,33.56,18.91,45.73,23.3,34.9,26.96,56.08,24.05,11.95,40.09,25.43,25.58,31.79
20-09-2020 00:00,18.41,21.3,21.85,29.19,17.62,31.71,20.5,30.2,30.2,34.96,39.55,67.18,21.03,39.55,50.8,50.8,20.21,8.56,27.57,18.75,37.23,42.08,26.12,34.96,20.5,50.35,24.74,33.35,29.66,62.78,26.12,12.43,40.63,29.19,26.69,31.71
21-09-2020 00:00,17.46,8.87,22.43,28.47,18.1,32.14,17.74,27.95,27.95,31.25,33.91,50.31,22.27,33.91,42.2,42.2,21.14,9.34,28.76,18.88,37.84,35.01,23.03,31.25,17.74,47.76,24.26,33.61,27.18,58.12,23.03,13.9,40.81,28.47,26.64,32.14
22-09-2020 00:00,23.25,38.11,24.14,27.36,20.04,27.65,19.99,31.02,31.02,31.21,22.19,45.8,23.99,22.19,34.05,34.05,19.31,8.7,24.89,19.9,35.43,31.92,21.61,31.21,19.99,43.03,24.71,17.58,25.89,54.85,21.61,12.31,39.07,27.36,25.32,27.65
23-09-2020 00:00,18.86,41.38,26.3,27.18,19.62,32.52,18.48,27.44,27.44,31.17,18.37,47.77,27.35,18.37,44.56,44.56,21.27,8.31,21.66,21.35,33.22,24.83,18.86,31.17,18.48,34.2,22.22,21.91,22.38,49.38,18.86,13.45,39,27.18,21.35,32.52
24-09-2020 00:00,20.83,22.29,23.72,27.61,18.49,31.86,16.98,19.1,19.1,30.47,16.22,43.19,25.72,16.22,45.01,45.01,24.3,8.45,20.6,19.76,31.93,25.86,19.04,30.47,16.98,35.79,22.57,31.96,21.22,47.49,19.04,15.84,40.35,27.61,21.89,31.86
25-09-2020 00:00,21.27,25.11,22.78,26.85,20.21,34.99,17.63,15.63,15.63,29.16,13.86,40.86,24.29,13.86,49.14,49.14,23.75,9.68,20.73,14.64,31.74,29.97,20.94,29.16,17.63,39.26,22.23,30.79,20.79,46.02,20.94,11.55,39.17,26.85,21.42,34.99
26-09-2020 00:00,37.15,31.73,21.84,26.32,20.97,32.06,20.87,23.69,23.69,28.9,14.21,38.87,27.77,14.21,47.63,47.63,21.72,12.31,16.9,4.35,32.19,36.88,19.96,28.9,20.87,47.53,24.07,33.15,23.97,59.69,19.96,13.79,40.32,26.32,22.97,32.06
27-09-2020 00:00,55.07,24.44,21.9,25.54,18.36,28.27,16.51,15.36,15.36,28.1,14.77,41.45,21.83,14.77,44.39,44.39,20.89,10.67,15.21,5.1,31.08,29.83,16.55,28.1,16.51,43.35,22.19,32.63,22.31,51.1,16.55,15.36,37.49,25.54,22.72,28.27
28-09-2020 00:00,65.42,25.22,23.27,26.88,18.55,32.61,17.71,19.76,19.76,31.59,16.43,49.91,21.67,16.43,36.41,36.41,22.37,10.76,18.14,23.62,34.54,33.01,24.08,31.59,17.71,46.39,24.71,31.21,25.33,66.28,24.08,16.06,40.09,26.88,24.07,32.61
29-09-2020 00:00,63.58,27.32,27.62,28.34,21.64,36.72,18.48,25.01,25.01,35.8,18.44,55.77,22.01,18.44,40.3,40.3,24.81,12.29,22.27,67.45,35.3,34.14,25.79,35.8,18.48,49.66,26.36,33.57,25.82,63.64,25.79,17.16,41.27,28.34,27.13,36.72
30-09-2020 00:00,54.04,25.52,27.37,28.23,21.57,34.76,16.81,24.93,24.93,32.12,16.63,48.17,20.27,16.63,63.09,63.09,24.61,12.67,20.88,66.91,34.26,31.47,20.35,32.12,16.81,45.41,23.17,30.69,22.23,51.55,20.35,16.8,38.32,28.23,25.22,34.76
01-10-2020 00:00,61.84,26.89,24.6,28.05,22.86,32.12,17.78,21.01,21.01,32.84,18.42,49.77,21.34,18.42,57.42,57.42,23.85,12.77,20.15,90.27,34.15,33.14,17.09,32.84,17.78,48.83,23.78,34.64,22.18,56.11,17.09,14.46,40.38,28.05,25.7,32.12
02-10-2020 00:00,66.15,21.99,25.62,28.11,22.71,34.41,19.31,17.6,17.6,36.24,23.26,45.95,24.9,23.26,55.04,55.04,24.45,15.03,30.57,67.73,35.01,36.28,17.84,36.24,19.31,54.72,26.72,36.44,24.64,66.02,17.84,16.27,29.89,28.11,28.86,34.41
03-10-2020 00:00,69.46,19.06,25.21,28.83,22.05,32.68,18.24,21.31,21.31,40.28,20.86,58.93,27.96,20.86,59.75,59.75,24.07,14.84,32.69,53.75,35.8,36.05,18.91,40.28,18.24,48.99,25.25,34.28,25.55,57.01,18.91,14.06,48.57,28.83,27.4,32.68
04-10-2020 00:00,72.68,19.89,24.29,27.78,25.28,30.8,17.61,27.2,27.2,31.45,21.48,62.28,24.13,21.48,61.87,61.87,22.72,13.41,29.96,48.06,34.05,36.15,16.36,31.45,17.61,52.03,24.66,32.37,22.91,63.26,16.36,14.8,38.57,27.78,27.1,30.8
05-10-2020 00:00,57.51,18.25,24.55,27.6,28.89,29.89,16.81,16.27,16.27,32.46,20.3,54.7,27.24,20.3,60.14,60.14,23.86,13.79,32.41,46.91,34.05,35.11,18.08,32.46,16.81,54.82,24.66,32.37,21.87,65.47,18.08,14.32,30.11,27.6,25.88,29.89
06-10-2020 00:00,71.23,19.26,23.18,27.24,37.13,32.28,18.74,24.46,24.46,33.9,23.54,57.52,30.32,23.54,58.01,58.01,24.44,16.37,32.25,47.51,34.9,37.97,17.61,33.9,18.74,56.87,26.23,33.09,23.01,65.54,17.61,13.34,41.13,27.24,27.78,32.28
07-10-2020 00:00,87.85,25.26,23.19,27.31,33.45,37.9,20.46,26.75,26.75,42.32,24.6,74.6,27.13,24.6,57.37,57.37,28.21,19.12,35.6,45.85,39.05,41.07,22.13,42.32,20.46,61.53,27.41,39.46,25.13,60.88,22.13,12.23,43.26,27.31,32.92,37.9
08-10-2020 00:00,82.11,22.81,25.54,26.24,42.84,39.1,20.21,18.73,18.73,58.19,24.86,70.6,25.85,24.86,57.87,57.87,33.25,20.05,35.12,46.43,42.71,42.1,21.61,58.19,20.21,59.1,27.49,40.25,27.22,62.75,21.61,13,36.57,26.24,31.15,39.1
09-10-2020 00:00,79.92,20.87,27.82,27.78,42.13,37.41,22.02,23.75,23.75,49.34,25.67,61.71,27.76,25.67,55.87,55.87,31.61,17.98,34.42,57.36,42.82,43.32,22.04,49.34,22.02,59.33,28.3,37.14,28.11,67.86,22.04,12.62,47.98,27.78,32.25,37.41
10-10-2020 00:00,83.83,24.21,28.02,27.6,37.04,39,26.03,19.35,19.35,52.87,27.22,65.69,29.53,27.22,49.77,49.77,32.33,17.23,35.02,65.37,45.1,46.49,26.53,52.87,26.03,61.05,30,38.29,32.4,74.05,26.53,14.39,47.17,27.6,33.81,39
11-10-2020 00:00,75.95,23.65,28.22,27.94,35.77,38,27.135,17.4,17.4,51.16,25.66,75.71,30.1,25.66,34.99,34.99,32.66,18.13,36,58.6,46.48,44.26,22.59,51.16,27.135,50.7,30,40.1,32.5,75.08,22.59,14.83,45.31,27.94,33.47,38
12-10-2020 00:00,115.46,28.64,28.54,30.39,33.81,39.22,28.24,27.21,27.21,51.45,27.03,70.54,38.46,27.03,26.9,26.9,35.06,19.24,37.34,58.85,46.61,50.12,19.78,51.45,28.24,59.2,30.85,38.27,29.4,81.02,19.78,12.68,49.03,30.39,39.64,39.22
13-10-2020 00:00,73.65,34.55,34.46,32.36,33.2,56.12,5.46,26.69,26.69,72.96,34.99,69.58,43.12,34.99,34.95,34.95,40.37,19.61,49.05,74.88,54.82,59.99,51.03,72.96,5.46,70.69,38.87,43.01,16.3,98.49,51.03,10.34,52.06,32.36,42.41,56.12
14-10-2020 00:00,42.94,34.37,41.77,34.36,31.41,65.94,21.15,16.81,16.81,67.65,30.32,80.12,34.69,30.32,37.3,37.3,48.05,20.14,59.55,105.18,68.56,63.85,44.49,67.65,21.15,68.69,45.96,49.52,20.26,91.34,44.49,13.64,58.68,34.36,40.99,65.94
15-10-2020 00:00,26.87,29.27,34.66,31.24,29.82,53,37.22,17.82,17.82,51.16,22.9,66.62,29,22.9,29.74,29.74,39.2,20.2,37.07,81.25,55.09,54.29,44,51.16,37.22,56.77,38.01,46.42,18.34,90.55,44,10.84,52.7,31.24,31.18,53
16-10-2020 00:00,25.15,36.94,27.93,26.64,34.28,39.27,28.12,18.73,18.73,43.17,21.78,60.48,27.79,21.78,22.6,22.6,32.03,17.8,27.82,67.46,45.34,44.74,32.3,43.17,28.12,46.94,29.73,39.54,14.93,67.96,32.3,11.34,48.66,26.64,29.68,39.27
17-10-2020 00:00,29.85,48.16,26.62,27.68,34.31,45.52,31.8,24.51,24.51,56.18,26.75,76.43,36.56,26.75,27.65,27.65,36.16,19.35,31.12,69.27,47.09,52.86,52.82,56.18,31.8,56.07,35.08,40.76,18.25,72.18,52.82,9.99,54,27.68,40.8,45.52
18-10-2020 00:00,24.03,42.03,20.34,26.83,32.75,40.18,28.25,15.7,15.7,54.11,23.58,76.29,31.87,23.58,24.26,24.26,34.95,18.1,31.07,47.49,40.39,45.78,64.53,54.11,28.25,55.18,31.52,39.66,16.28,66.28,64.53,14.25,47.59,26.83,35.15,40.18
19-10-2020 00:00,22.81,39.21,20.34,26.22,32.69,38.22,26.55,11.04,11.04,44.83,24.85,64.69,28.02,24.85,22.98,22.98,32.11,17.38,26.2,25.71,38.27,43.47,55.89,44.83,26.55,51.03,30.05,41.3,14.07,65.64,55.89,14.55,47.97,26.22,34.11,38.22
20-10-2020 00:00,22.85,34.33,17.88,25.13,32.58,32.49,24.2,15.96,15.96,40.9,24.41,63.38,34.79,24.41,19.96,19.96,30.39,17.02,28.31,36.73,35.69,43.16,62.41,40.9,24.2,46.24,30.41,35.18,13.51,58.76,62.41,12.6,50.09,25.13,31.94,32.49
21-10-2020 00:00,23.27,42.18,42.54,25.55,33.45,44.66,31.41,35.18,35.18,45.94,27.27,58.49,42.29,27.27,22.42,22.42,30.89,15.51,29.03,33.63,41.52,52.97,91.06,45.94,31.41,51.01,36.56,33.84,12.05,65.95,91.06,10.09,50.01,25.55,31.8,44.66
22-10-2020 00:00,34.57,68.24,38.3,29.03,37.1,54.5,36.67,23.56,23.56,60.74,29.63,84.45,39.08,29.63,30.63,30.63,38.35,21.36,42.5,36.43,57.29,62.89,100.01,60.74,36.67,65.06,45.88,49.12,8.05,88.32,100.01,7.8,46.92,29.03,43.04,54.5
23-10-2020 00:00,41.85,64.81,34.73,32.64,48.17,61.01,37.59,14.92,14.92,65.86,30.64,63.38,43.27,30.64,34.64,34.64,43.15,23.65,47.18,38.93,59.88,61.59,105.58,65.86,37.59,69.66,39.71,50.84,19.96,90.65,105.58,8.31,52.65,32.64,35.89,61.01
24-10-2020 00:00,38.51,56.36,42.04,29.36,49.93,59.8,36.66,17.36,17.36,58.43,31.89,70.77,39.9,31.89,30.34,30.34,42.37,22.59,50.63,37.37,55.94,55.98,110.58,58.43,36.66,67.94,38.16,48.31,31.48,80.87,110.58,10.33,50.83,29.36,38.53,59.8
25-10-2020 00:00,36.09,65.71,44.82,30.76,53.18,59.69,39.8,17.59,17.59,58.26,33.68,79.72,38.2,33.68,31.52,31.52,39.61,20.84,47.26,38.68,49.51,59.25,113.23,58.26,39.8,62.51,37.34,43.9,28.58,75.54,113.23,8.82,56.03,30.76,39.74,59.69
26-10-2020 00:00,34.01,64.16,43.08,29.77,51.2,56.86,41.43,16.53,16.53,40.11,30.84,77.57,40.41,30.84,29.51,29.51,39.31,20.08,48.7,36.03,53.75,57.93,110.85,40.11,41.43,61.17,37.58,44.28,26.69,77.6,110.85,8.92,52.27,29.77,39.29,56.86
27-10-2020 00:00,26.79,45.76,38.87,28.84,63.18,41.26,36.66,14.33,14.33,21.29,26.39,75.8,35.58,26.39,25.33,25.33,39.21,19.84,38.67,34.61,21.55,48.25,71.27,21.29,36.66,48.2,31.57,44.91,24.02,67.29,71.27,13.61,48.96,28.84,33.19,41.26
28-10-2020 00:00,27.53,57.29,30.52,28.55,98.08,43.19,37.18,15.7,15.7,26.38,29.82,79.04,42.69,29.82,25.98,25.98,38.97,17.83,40.74,37.23,13.37,49.72,92.07,26.38,37.18,52.47,32.86,42.88,22.35,62.79,92.07,10.2,54.84,28.55,32.68,43.19
29-10-2020 00:00,38.83,66.7,20.12,29.89,76.02,56.48,43.17,24.07,24.07,33.56,37.01,96.48,54.41,37.01,30.27,30.27,42.83,20.58,51.2,37.46,17.18,58.79,130.13,33.56,43.17,73.01,41.58,50.52,18.77,94.59,130.13,7.88,57.46,29.89,33.8,56.48
30-10-2020 00:00,36.5,62.4,17.74,26.55,78.86,54.4,41.04,15.65,15.65,44.45,29.58,86.42,38.07,29.58,28.33,28.33,43.96,20.3,45.54,36.14,16.12,59.54,109.36,44.45,41.04,69.17,40.24,51.08,23.13,94.17,109.36,11.71,56.58,26.55,36.09,54.4
31-10-2020 00:00,48.19,43.45,15.04,29.01,72.69,46.92,39.65,9.42,9.42,53.56,29.63,83.55,25.43,29.63,29.34,29.34,48,19.45,41.18,37.04,17.15,57.85,72.14,53.56,39.65,57.91,35.72,52.59,21.29,82.79,72.14,15.14,54.93,29.01,33.66,46.92
01-11-2020 00:00,22.85,37.37,12.41,27.28,71.14,37.73,35.55,12.84,12.84,46.26,1.18,75.74,30.69,1.18,26.64,26.64,42.71,16.62,28.07,28.16,16.39,55.34,63.69,46.26,35.55,52.69,31.79,45.51,18.07,76.95,63.69,14.55,35.2,27.28,30.34,37.73
02-11-2020 00:00,25.71,50.53,9.43,24.58,66.59,31.43,25.55,22.41,22.41,41.19,27.26,76.67,37.76,27.26,18.01,18.01,34.61,14.79,22.81,27.75,13.93,48.51,72.74,41.19,25.55,49.59,27.84,39.46,16.32,62.76,72.74,14.94,34.4,24.58,27.96,31.43
03-11-2020 00:00,26.87,60.59,9.99,23.77,63.92,89.89,19.5,31.39,31.39,52.13,34.36,86.83,51.77,34.36,21.18,21.18,32.16,18.27,27.07,28.07,13.69,51.83,93.08,52.13,19.5,53.52,29.3,37.9,19.47,63.73,93.08,11.19,36.47,23.77,29.53,89.89
04-11-2020 00:00,46.65,63.43,15.12,29.96,60.39,112.08,27.08,31.68,31.68,65.75,52.29,92.76,44.84,52.29,32.16,32.16,49.23,25.77,38.15,40.38,22.26,64.59,105.44,65.75,27.08,64.12,38.4,49.59,23.91,100.76,105.44,23.58,43.34,29.96,36.72,112.08
05-11-2020 00:00,43.3,67.96,12.22,27.48,63.09,103.97,25.35,24.13,24.13,61.43,48.92,93.7,42.16,48.92,29.09,29.09,44.26,26.63,39.98,46.61,24.1,55.25,100.41,61.43,25.35,55.54,32.47,46.98,24.4,85.47,100.41,28.64,45.19,27.48,38.23,103.97
06-11-2020 00:00,42.11,58.68,12.83,26.48,65.13,108.26,25.64,28.81,28.81,59.86,54.48,85.1,50.4,54.48,33.14,33.14,41.86,26.64,39.3,37.19,27.24,57.65,98.77,59.86,25.64,58.13,32.17,44.89,43.5,91.98,98.77,25.33,46.11,26.48,39.05,108.26
07-11-2020 00:00,46.02,45.07,13.43,27.92,63.03,105.75,28.4,23.18,23.18,64.44,55.85,89.28,55.15,55.85,38.41,38.41,48.25,27.13,41.54,40.39,28.05,61.48,87.27,64.44,28.4,58.75,32.36,48.67,42.43,97.82,87.27,27.05,46.56,27.92,39.82,105.75
08-11-2020 00:00,50.97,51.94,12.84,29.27,64.59,103.67,30.81,25.84,25.84,70.01,58.97,93.01,61.12,58.97,39.13,39.13,48.12,23.54,41.79,43.86,30.99,63,113.78,70.01,30.81,64.32,33.58,49.63,43.82,96.38,113.78,24.87,48.22,29.27,40.03,103.67
09-11-2020 00:00,69.54,69.97,15.72,31.81,65.04,117.08,35.2,27.95,27.95,93.63,70.06,96.23,56.47,70.06,50.79,50.79,66.6,28.5,51.63,55.08,34.58,75.69,156.53,93.63,35.2,77.26,43.39,62.59,48.92,132.04,156.53,28.76,48.73,31.81,45.12,117.08
10-11-2020 00:00,65.62,56.06,15.69,32.66,63.23,123.29,37.12,34.72,34.72,83.11,76.87,103.55,54.9,76.87,48.17,48.17,59.22,26.97,57.89,42.88,37.32,73.51,151.38,83.11,37.12,75.91,45.91,53.75,48.6,147.01,151.38,30.19,52.19,32.66,45.97,123.29
11-11-2020 00:00,33.53,57.52,14.9,28.27,51.32,122.05,33.1,28.26,28.26,63.38,50.47,87.89,46.84,50.47,30.63,30.63,38.95,21.9,52.15,27.93,32.16,58.11,135.71,63.38,33.1,105.55,35.77,41.2,16.26,104.28,135.71,26.82,44.17,28.27,38.63,122.05
12-11-2020 00:00,27.63,64.4,20.95,28.19,53.69,123.26,36.18,28.39,28.39,68.98,54.48,82.45,38.78,54.48,31.31,31.31,38.09,19.94,47.1,27.78,33.04,54.78,120.98,68.98,36.18,111.12,34.25,37.62,32.09,87.71,120.98,24.16,40.11,28.19,34.12,123.26
13-11-2020 00:00,34.51,66.67,23.93,28.83,55.45,115.99,33.29,22.28,22.28,69.99,54.51,83.07,41.37,54.51,33.08,33.08,40.35,19.72,39.19,29.55,35.58,51.34,102.24,69.99,33.29,97.74,32.39,41.9,30.56,87.34,102.24,27.33,37.62,28.83,35.07,115.99
14-11-2020 00:00,51.36,63.37,26.09,31.45,61.28,109.76,35.85,21.33,21.33,80.82,54.85,86.18,42.03,54.85,41.37,41.37,48.79,20.21,38.89,37.34,37.82,55.49,99.77,80.82,35.85,70.51,34.54,47.96,34.06,108.68,99.77,31.63,41.85,31.45,36.1,109.76
15-11-2020 00:00,42.25,65.42,26.52,30.72,59.61,106.59,39,26.12,26.12,67.63,51.33,87.63,32.38,51.33,36.01,36.01,42.81,15.49,42.13,33.23,36.92,58.89,85.46,67.63,39,80.57,32.83,54.57,33.7,100.82,85.46,31.36,35.19,30.72,37.15,106.59
16-11-2020 00:00,28.45,35.74,20.34,32.55,42.56,115.98,30.26,30.33,30.33,65.14,45.53,85.09,29.57,45.53,31.85,31.85,42.43,19.78,44.52,32.14,36.06,45.06,90.08,65.14,30.26,57.99,28.52,45.97,29.45,71.55,90.08,30.42,41.06,32.55,30.1,115.98
17-11-2020 00:00,24.86,40.52,20.11,29.01,38.88,109.36,26.86,29.39,29.39,56.13,38.09,71.81,31.37,38.09,26.61,26.61,37.7,23.61,31.78,30.63,31.71,44.49,68.76,56.13,26.86,50.4,25.72,50.73,27.15,63.53,68.76,27.55,36.62,29.01,28.11,109.36
18-11-2020 00:00,23.47,38.02,18.08,26.68,46.92,96.01,24.38,26.79,26.79,52.78,39.21,63.19,24.14,39.21,25.65,25.65,35.81,21.16,25.55,31.47,28.63,40.41,57.75,52.78,24.38,44.76,22.51,43.69,21.97,61.78,57.75,25,33.13,26.68,24.39,96.01
19-11-2020 00:00,27.95,34.74,17.67,26,50.87,90.88,24.2,32.9,32.9,53.53,37.73,68.07,29.13,37.73,25.13,25.13,35.67,17.35,24.33,32.58,27.87,44.94,58.26,53.53,24.2,44.74,20.89,38.51,21.14,65.19,58.26,24.66,30.29,26,23.26,90.88
20-11-2020 00:00,25.26,32.05,15.26,25.65,47.06,89.18,24.73,30.31,30.31,52.5,36.87,76.02,26.08,36.87,26.58,26.58,36.57,15.98,24.23,36.43,27.54,49.81,51.39,52.5,24.73,42.6,18.85,38.46,20.78,70.58,51.39,24.52,29.04,25.65,22.3,89.18
21-11-2020 00:00,19.32,25.43,15.6,25.09,49.21,83.81,21.93,27.99,27.99,46.62,34.33,65.01,22.61,34.33,22.3,22.3,31,15.07,21.72,29.28,23.29,44.55,46.67,46.62,21.93,34.44,18.95,34.29,18.12,56.81,46.67,25.61,27.43,25.09,18.85,83.81
22-11-2020 00:00,21.225,28.12,15.5,24.29,49.12,82.04,21.69,36.56,36.56,43.3,34.63,66.52,26.57,34.63,21.57,21.57,30.64,14.51,20.68,27.33,24.15,46.18,57.82,43.3,21.69,37.17,19.36,32.12,18.41,60.12,57.82,23.79,28.83,24.29,18.44,82.04
23-11-2020 00:00,23.13,40.1,17.84,25.18,44.87,84.89,26.68,44.16,44.16,49.76,42.63,94.16,34.67,42.63,26.16,26.16,33.33,15.64,25.78,28.79,25.09,50.09,83.67,49.76,26.68,42.78,20.07,30.97,22.91,71.15,83.67,21.81,35.5,25.18,21.38,84.89
24-11-2020 00:00,38.29,51.73,22.26,26.54,47.16,95.13,32.46,66.81,66.81,59.87,48.25,102.54,43.21,48.25,33.03,33.03,39.63,19.01,34.17,35.58,31.94,58.75,113.32,59.87,32.46,55.51,24.09,36.02,27.02,86.92,113.32,21.27,36.28,26.54,27.26,95.13
25-11-2020 00:00,40.36,48.63,26.43,29.89,57.55,102.35,35.98,50.13,50.13,66.75,53.68,94.73,36.92,53.68,38.45,38.45,44.82,22,43.96,39.98,41.14,61.67,89.8,66.75,35.98,62.78,29.16,42.67,32.08,110.6,89.8,26.52,39.78,29.89,37.63,102.35
26-11-2020 00:00,29.94,41.44,11.24,29.53,51.76,103.02,29.07,24.98,24.98,54.09,44.31,95.55,26.43,44.31,27.68,27.68,35.98,19.21,38.13,33.42,33.04,50.78,73.63,54.09,29.07,47.58,21.16,41.49,27.64,65.42,73.63,29.13,38.19,29.53,28.58,103.02
27-11-2020 00:00,21.81,36.44,10.54,26.43,44.37,93.42,25.69,26.43,26.43,44.22,39.69,86.78,24.8,39.69,22.72,22.72,30.44,16.23,26.87,28.57,29.56,49.73,58.05,44.22,25.69,41.23,20.35,38.51,22.76,50.16,58.05,27.32,32.3,26.43,24.01,93.42
28-11-2020 00:00,20.58,37.33,12.51,26.21,40.36,88.73,24.97,30.71,30.71,44.19,36.96,81.55,22.8,36.96,23.9,23.9,30.56,19.59,24.97,27.5,27.59,51.95,59.76,44.19,24.97,41.21,18.51,39.54,21.14,56.32,59.76,26.48,30.75,26.21,24.93,88.73
29-11-2020 00:00,21.65,44.88,13.48,25.68,38.46,84.86,23.95,41.15,41.15,44.75,38.62,88.58,20.13,38.62,22.66,22.66,28.26,20.22,23.83,42.78,26.06,52.09,77.18,44.75,23.95,42.75,21.09,33.49,20.84,57.66,77.18,25.9,31.16,25.68,26.6,84.86
30-11-2020 00:00,25.6,55.94,14.76,26.13,39.96,88.76,27.48,56.94,56.94,52.29,47.37,91.48,36.62,47.37,27.02,27.02,31.07,19.92,30.79,25.41,29.89,61.06,95.43,52.29,27.48,48.14,24.77,40.19,24.73,71.63,95.43,23.35,37.01,26.13,28.38,88.76
01-12-2020 00:00,27.65,61.31,17.07,26.83,43.09,97.63,29.94,62.86,62.86,62.33,56.78,93.02,38.59,56.78,32.33,32.33,36.03,20.39,35.04,25.27,32.57,60.94,108.46,62.33,29.94,66.6,30.54,45.71,27.31,89.49,108.46,23.37,39.39,26.83,29.58,97.63
02-12-2020 00:00,26.28,62.27,17.71,26.7,42.23,100.21,31.09,50.59,50.59,58.47,54.93,96.96,35.8,54.93,30.93,30.93,35.22,20.29,33.29,32.2,31.87,61.05,109.05,58.47,31.09,,30.74,47.13,26.94,85.78,109.05,24.51,38.13,26.7,31.11,100.21
03-12-2020 00:00,30.17,60.4,21.03,27.96,48.08,100.05,34.32,57.63,57.63,59.02,52.81,95.38,36.87,52.81,30.69,30.69,37.19,19.85,34.67,32.89,35.48,61.6,103.92,59.02,34.32,,30.4,47.89,29.22,87.43,103.92,23.7,40.08,27.96,33.46,100.05
04-12-2020 00:00,38.53,67.99,23.97,28.93,58.79,115.18,38.34,67.06,67.06,65.3,57.67,95.77,48.19,57.67,37.84,37.84,42.46,21.29,43.58,34.4,42.2,63.43,122.84,65.3,38.34,,34.48,47.88,32.42,111.15,122.84,27.3,42.39,28.93,33.53,115.18
05-12-2020 00:00,45.69,49.51,22.61,34.42,60.76,121.23,38.25,54.03,54.03,66.77,44.46,107.71,39.78,44.46,47.43,47.43,48.57,23.65,47.25,38.77,42.35,64.8,90.77,66.77,38.25,,34.33,51.78,34.67,109.93,90.77,30.85,51.8,34.42,36.26,121.23
06-12-2020 00:00,53.69,43.94,20.54,33.39,63.95,120.42,35.51,56.34,56.34,69.62,38.74,114.5,38.89,38.74,47.77,47.77,47.38,24.86,50.5,31.83,42.93,66.91,91.17,69.62,35.51,,37.67,53.57,22.9,106.24,91.17,31.9,54.17,33.39,37.42,120.42
07-12-2020 00:00,53.12,55.33,26.56,33.28,60.55,123.66,36.43,146.81,146.81,82.45,38.97,118.33,36.76,38.97,47.96,47.96,45.49,26.82,54.53,35.52,41.74,71.55,109.7,82.45,36.43,,43.48,65.45,7.23,115.38,109.7,32.32,51.6,33.28,41.9,123.66
08-12-2020 00:00,46.16,57.29,20.6,31.38,63.45,115.47,35.82,206.82,206.82,75.56,36.02,114.26,44.19,36.02,42.25,42.25,42.22,23.64,44.69,39.17,41.01,66.12,120.13,75.56,35.82,,39.82,52.04,5.18,101.87,120.13,29.3,48.26,31.38,25.97,115.47
09-12-2020 00:00,38.05,38.39,18.95,30.72,68.73,112.51,40.65,202.64,202.64,76.04,36.99,113.39,44.01,36.99,35.82,35.82,34.57,21.66,44.08,25.97,44.09,58.73,119.12,76.04,40.65,,41.34,56.41,14.43,97.32,119.12,26.76,44.51,30.72,17.93,112.51
10-12-2020 00:00,40.54,24.08,18.65,31.6,58.73,115.8,39.35,190.21,190.21,82.62,39.98,95.26,36.92,39.98,35.55,35.55,39.41,22.51,50.71,77.91,50.75,59.34,113.37,82.62,39.35,,41.92,61.16,34.67,105.29,113.37,28.21,44.62,31.6,19.51,115.8
11-12-2020 00:00,50.94,18.26,18.4,38.5,57.53,119.22,43.32,206.83,206.83,78.31,38.06,52.42,42.75,38.06,43.14,43.14,46.48,23.28,56.75,119.67,56.3,73.99,115.76,78.31,43.32,,43.37,58.16,36.29,120.42,115.76,30.18,51.69,38.5,20.03,119.22
12-12-2020 00:00,59.77,16.88,26.28,40.75,64.29,123.6,47.76,123.67,123.67,79.86,60.13,63.24,36.35,60.13,57.39,57.39,61.65,27.57,63.68,133.55,53.54,73.36,102.49,79.86,47.76,,48.85,67.94,39.93,119.15,102.49,35.15,58.98,40.75,20.75,123.6
13-12-2020 00:00,33.11,11.4,20.29,36.28,57.49,113.03,34.54,71.1,71.1,59.19,46.94,58.62,28.92,46.94,23.9,23.9,42.09,24.87,44.98,91.23,43.49,58.27,75.97,59.19,34.54,,37.19,53.04,29.52,84.76,75.97,31.68,40.96,36.28,16.33,113.03
14-12-2020 00:00,30.65,8.61,18.46,32.33,52.36,96.46,31.11,53.41,53.41,46.75,45.41,46.06,24.03,45.41,28.52,28.52,33.43,20.23,34.12,65.16,37.74,50.75,63.46,46.75,31.11,,29.99,45.56,25.22,67.35,63.46,29.18,33.06,32.33,18.43,96.46
15-12-2020 00:00,31.75,7.37,17.44,29.17,48.22,90.94,30.33,70.12,70.12,46.21,43.31,45.02,22.44,43.31,28.43,28.43,39.05,21.46,31.88,62.08,36.09,51.58,55.55,46.21,30.33,,27.48,40.34,14.82,71.13,55.55,24.47,30.99,29.17,28.83,90.94
16-12-2020 00:00,34.17,8.2,15.57,31.54,46.98,92.62,32.29,87.36,87.36,49.91,47.65,44.87,22.15,47.65,33.94,33.94,45.73,22.45,34.92,53.56,39.81,58.34,62.61,49.91,32.29,,34.23,52.91,7.01,86.51,62.61,20.84,34.31,31.54,27.73,92.62
17-12-2020 00:00,40.6,8.11,13.48,32.08,45.58,93.22,31.89,68.54,68.54,46.54,48.73,48.43,20.79,48.73,38.31,38.31,36.89,21.54,35.26,35.09,40.87,55.03,51.01,46.54,31.89,,34,50.7,7.72,81.68,51.01,21.42,36.22,32.08,30.79,93.22
18-12-2020 00:00,38.97,7.17,14.01,28.32,44.94,89.47,28.8,120,120,39.47,42.88,59.08,20.68,42.88,31.2,31.2,35.1,19.66,29.51,27,35.22,57.49,43.81,39.47,28.8,,31.34,45.57,4.74,70.2,43.81,20.39,31.94,28.32,26.31,89.47
19-12-2020 00:00,42.71,27.85,16.16,29.75,48.58,91.59,32.47,134.15,134.15,48.13,49.57,88.19,21.09,49.57,35.3,35.3,39.28,20.39,32.85,30.36,38.43,63.8,64.59,48.13,32.47,,32.56,51.39,4.77,79.45,64.59,19.34,35.32,29.75,30.16,91.59
20-12-2020 00:00,47.04,26.88,15.93,30.23,48.27,93.5,33.87,152.34,152.34,49.92,49.9,81.89,26.29,49.9,38.21,38.21,41.63,23.67,37.83,31.09,43.31,65.74,64.46,49.92,33.87,,36.11,50.9,4.26,92.37,64.46,19.47,41.32,30.23,33.21,93.5
21-12-2020 00:00,65.42,41.47,15.84,31.04,48.3,99.29,35.79,200.52,200.52,54.48,57.08,85.26,31.29,57.08,38.63,38.63,43.57,28.01,42.23,33.44,48.53,70.55,98.23,54.48,35.79,,39.95,54.44,3.99,96.57,98.23,16.85,44.85,31.04,42.85,99.29
22-12-2020 00:00,90,47.22,19.62,32.94,54.46,126.27,43.01,206.6333333,206.6333333,65.43,81.26,97.96,43.85,81.26,53.43,53.43,48.72,30.82,56.63,37.98,55.75,78.72,96.45,65.43,43.01,,52.93,66.21,3.89,122.97,96.45,13.7,52.4,32.94,48.55,126.27
23-12-2020 00:00,116.15,60.54,15.77,34.58,68.62,135.31,44.23,212.7466667,212.7466667,72.16,84.31,92.71,52.99,84.31,55.72,55.72,46.22,33.07,61.63,43.15,56.54,79.05,101.13,72.16,44.23,,56.54,104.48,4.1,123.91,101.13,11.58,47.04,34.58,43.82,135.31
24-12-2020 00:00,87.66,58.12,24.65,34,92.33,135.27,43.57,218.86,218.86,74.44,86.26,83.49,43.53,86.26,56.45,56.45,46.34,32.86,61.95,39.74,58.51,69.37,119.76,74.44,43.57,,57.2,121.53,4.36,129.91,119.76,13.91,48.49,34,43.23,135.27
25-12-2020 00:00,61.67,48.89,28.96,31.3,90.23,123.42,37.11,245.22,245.22,61.1,65.44,86.04,30.67,65.44,46.25,46.25,40.62,28.78,49.83,34.85,53.46,83.2,130.24,61.1,37.11,,43.92,82.1,4.27,103.16,130.24,15.47,44.21,31.3,39.58,123.42
26-12-2020 00:00,58.23,46.47,32.41,31.12,101.47,121.05,35.58,196.49,196.49,58.97,64.13,84.67,31.92,64.13,45.49,45.49,43.01,27.51,48.73,36.95,49.8,75.34,91.78,58.97,35.58,,43.62,70.63,13.64,102.4,91.78,17.09,43.21,31.12,39.56,121.05
27-12-2020 00:00,57.44,60.69,38.73,33.44,106.26,126.59,39.24,203.48,203.48,61.7,56.37,83.8,37.02,56.37,53.05,53.05,42.06,29.67,53.88,41.89,47.84,72.63,113.44,61.7,39.24,,45.05,66.03,32.99,99.65,113.44,17.1,43.47,33.44,37.8,126.59
28-12-2020 00:00,33.28,40.24,26.8,28.82,76.13,100.8,29.23,92.84,92.84,38.28,40.78,70.32,21.02,40.78,29.03,29.03,31.4,23.38,32.29,31.66,39.81,55.19,66.55,38.28,29.23,,29.29,42.54,23.18,63.01,66.55,20.97,36.49,28.82,27.23,100.8
29-12-2020 00:00,37.63,45.07,35.1,30.62,78.98,112.53,34.51,117.74,117.74,53.58,47.89,68.7,21.89,47.89,37.56,37.56,40.07,27.3,41.41,34.61,44.79,63.88,60.73,53.58,34.51,,39.31,58.94,30.7,89.29,60.73,26.23,43.94,30.62,37.07,112.53
30-12-2020 00:00,44.8,52.21,39.38,33.38,72.3,127.73,40.64,106.16,106.16,56.22,53.18,80.36,22.65,53.18,46.39,46.39,46.08,32.28,46.14,36.72,46.35,64.45,60.13,56.22,40.64,,44.77,65.94,33.41,92.64,60.13,21.4,48.35,33.38,43.59,127.73
31-12-2020 00:00,58.35,51.3,44.05,31.45,68.15,131.25,46.8,194.15,194.15,62.7,56.15,81.62,26.65,56.15,47.95,47.95,53.05,35.4,48.7,34.05,49.6,65.35,80.52,62.7,46.8,,55.95,51.35,39,103.55,80.52,20.36,58.05,31.45,48.65,131.25
